run_id	run	sample	ng_est	chr	pos	ref	alt	exp_vaf	lower_pi	min_exp_vaf
210121_NB551381_0110_AHJM5HAFX2	CG001Qv51Next024	DNA-17308-CG001Qv51Next024-10	4	chr17	7579424	AG	A	0	-0.7837388	0
210121_NB551381_0110_AHJM5HAFX2	CG001Qv51Next024	DNA-17308-CG001Qv51Next024-10	4	chr17	7577557	AG	A	0	-0.7837388	0
210121_NB551381_0110_AHJM5HAFX2	CG001Qv51Next024	DNA-17308-CG001Qv51Next024-10	4	chr4	55141048	T	TA	0	-0.7837388	0
210121_NB551381_0110_AHJM5HAFX2	CG001Qv51Next024	DNA-17308-CG001Qv51Next024-10	4	chr17	37880981	A	AGCATACGTGATG	0	-0.7837388	0
210121_NB551381_0110_AHJM5HAFX2	CG001Qv51Next024	DNA-17308-CG001Qv51Next024-10	4	chr7	55242465	GGAATTAAGAGAAGCA	G	0	-0.7837388	0
210121_NB551381_0110_AHJM5HAFX2	CG001Qv51Next024	DNA-17308-CG001Qv51Next024-10	4	chr7	55249012	C	CGGT	0	-0.7837388	0
210121_NB551381_0110_AHJM5HAFX2	CG001Qv51Next024	DNA-17308-CG001Qv51Next024-17	8	chr17	7579424	AG	A	0	-0.7837388	0
210121_NB551381_0110_AHJM5HAFX2	CG001Qv51Next024	DNA-17308-CG001Qv51Next024-17	8	chr17	7577557	AG	A	0	-0.7837388	0
210121_NB551381_0110_AHJM5HAFX2	CG001Qv51Next024	DNA-17308-CG001Qv51Next024-17	8	chr4	55141048	T	TA	0	-0.7837388	0
210121_NB551381_0110_AHJM5HAFX2	CG001Qv51Next024	DNA-17308-CG001Qv51Next024-17	8	chr17	37880981	A	AGCATACGTGATG	0	-0.7837388	0
210121_NB551381_0110_AHJM5HAFX2	CG001Qv51Next024	DNA-17308-CG001Qv51Next024-17	8	chr7	55242465	GGAATTAAGAGAAGCA	G	0	-0.7837388	0
210121_NB551381_0110_AHJM5HAFX2	CG001Qv51Next024	DNA-17308-CG001Qv51Next024-17	8	chr7	55249012	C	CGGT	0	-0.7837388	0
210121_NB551381_0110_AHJM5HAFX2	CG001Qv51Next024	DNA-17308-CG001Qv51Next024-24	16	chr17	7579424	AG	A	0	-0.7837388	0
210121_NB551381_0110_AHJM5HAFX2	CG001Qv51Next024	DNA-17308-CG001Qv51Next024-24	16	chr17	7577557	AG	A	0	-0.7837388	0
210121_NB551381_0110_AHJM5HAFX2	CG001Qv51Next024	DNA-17308-CG001Qv51Next024-24	16	chr4	55141048	T	TA	0	-0.7837388	0
210121_NB551381_0110_AHJM5HAFX2	CG001Qv51Next024	DNA-17308-CG001Qv51Next024-24	16	chr17	37880981	A	AGCATACGTGATG	0	-0.7837388	0
210121_NB551381_0110_AHJM5HAFX2	CG001Qv51Next024	DNA-17308-CG001Qv51Next024-24	16	chr7	55242465	GGAATTAAGAGAAGCA	G	0	-0.7837388	0
210121_NB551381_0110_AHJM5HAFX2	CG001Qv51Next024	DNA-17308-CG001Qv51Next024-24	16	chr7	55249012	C	CGGT	0	-0.7837388	0
210125_NB551381_0111_AHJLY3AFX2	CG001Qv51Next025	DNA-17309-CG001Qv51Next025-10	4	chr17	7579424	AG	A	0	-0.7837388	0
210125_NB551381_0111_AHJLY3AFX2	CG001Qv51Next025	DNA-17309-CG001Qv51Next025-10	4	chr17	7577557	AG	A	0	-0.7837388	0
210125_NB551381_0111_AHJLY3AFX2	CG001Qv51Next025	DNA-17309-CG001Qv51Next025-10	4	chr4	55141048	T	TA	0	-0.7837388	0
210125_NB551381_0111_AHJLY3AFX2	CG001Qv51Next025	DNA-17309-CG001Qv51Next025-10	4	chr17	37880981	A	AGCATACGTGATG	0	-0.7837388	0
210125_NB551381_0111_AHJLY3AFX2	CG001Qv51Next025	DNA-17309-CG001Qv51Next025-10	4	chr7	55242465	GGAATTAAGAGAAGCA	G	0	-0.7837388	0
210125_NB551381_0111_AHJLY3AFX2	CG001Qv51Next025	DNA-17309-CG001Qv51Next025-10	4	chr7	55249012	C	CGGT	0	-0.7837388	0
210125_NB551381_0111_AHJLY3AFX2	CG001Qv51Next025	DNA-17309-CG001Qv51Next025-17	8	chr17	7579424	AG	A	0	-0.7837388	0
210125_NB551381_0111_AHJLY3AFX2	CG001Qv51Next025	DNA-17309-CG001Qv51Next025-17	8	chr17	7577557	AG	A	0	-0.7837388	0
210125_NB551381_0111_AHJLY3AFX2	CG001Qv51Next025	DNA-17309-CG001Qv51Next025-17	8	chr4	55141048	T	TA	0	-0.7837388	0
210125_NB551381_0111_AHJLY3AFX2	CG001Qv51Next025	DNA-17309-CG001Qv51Next025-17	8	chr17	37880981	A	AGCATACGTGATG	0	-0.7837388	0
210125_NB551381_0111_AHJLY3AFX2	CG001Qv51Next025	DNA-17309-CG001Qv51Next025-17	8	chr7	55242465	GGAATTAAGAGAAGCA	G	0	-0.7837388	0
210125_NB551381_0111_AHJLY3AFX2	CG001Qv51Next025	DNA-17309-CG001Qv51Next025-17	8	chr7	55249012	C	CGGT	0	-0.7837388	0
210125_NB551381_0111_AHJLY3AFX2	CG001Qv51Next025	DNA-17309-CG001Qv51Next025-24	16	chr17	7579424	AG	A	0	-0.7837388	0
210125_NB551381_0111_AHJLY3AFX2	CG001Qv51Next025	DNA-17309-CG001Qv51Next025-24	16	chr17	7577557	AG	A	0	-0.7837388	0
210125_NB551381_0111_AHJLY3AFX2	CG001Qv51Next025	DNA-17309-CG001Qv51Next025-24	16	chr4	55141048	T	TA	0	-0.7837388	0
210125_NB551381_0111_AHJLY3AFX2	CG001Qv51Next025	DNA-17309-CG001Qv51Next025-24	16	chr17	37880981	A	AGCATACGTGATG	0	-0.7837388	0
210125_NB551381_0111_AHJLY3AFX2	CG001Qv51Next025	DNA-17309-CG001Qv51Next025-24	16	chr7	55242465	GGAATTAAGAGAAGCA	G	0	-0.7837388	0
210125_NB551381_0111_AHJLY3AFX2	CG001Qv51Next025	DNA-17309-CG001Qv51Next025-24	16	chr7	55249012	C	CGGT	0	-0.7837388	0
210129_NB551381_0114_AHKFMWAFX2	CG001Qv51Next026	DNA-17309-CG001Qv51Next026-10	4	chr17	7579424	AG	A	0	-0.7837388	0
210129_NB551381_0114_AHKFMWAFX2	CG001Qv51Next026	DNA-17309-CG001Qv51Next026-10	4	chr17	7577557	AG	A	0	-0.7837388	0
210129_NB551381_0114_AHKFMWAFX2	CG001Qv51Next026	DNA-17309-CG001Qv51Next026-10	4	chr4	55141048	T	TA	0	-0.7837388	0
210129_NB551381_0114_AHKFMWAFX2	CG001Qv51Next026	DNA-17309-CG001Qv51Next026-10	4	chr17	37880981	A	AGCATACGTGATG	0	-0.7837388	0
210129_NB551381_0114_AHKFMWAFX2	CG001Qv51Next026	DNA-17309-CG001Qv51Next026-10	4	chr7	55242465	GGAATTAAGAGAAGCA	G	0	-0.7837388	0
210129_NB551381_0114_AHKFMWAFX2	CG001Qv51Next026	DNA-17309-CG001Qv51Next026-10	4	chr7	55249012	C	CGGT	0	-0.7837388	0
210129_NB551381_0114_AHKFMWAFX2	CG001Qv51Next026	DNA-17309-CG001Qv51Next026-17	8	chr17	7579424	AG	A	0	-0.7837388	0
210129_NB551381_0114_AHKFMWAFX2	CG001Qv51Next026	DNA-17309-CG001Qv51Next026-17	8	chr17	7577557	AG	A	0	-0.7837388	0
210129_NB551381_0114_AHKFMWAFX2	CG001Qv51Next026	DNA-17309-CG001Qv51Next026-17	8	chr4	55141048	T	TA	0	-0.7837388	0
210129_NB551381_0114_AHKFMWAFX2	CG001Qv51Next026	DNA-17309-CG001Qv51Next026-17	8	chr17	37880981	A	AGCATACGTGATG	0	-0.7837388	0
210129_NB551381_0114_AHKFMWAFX2	CG001Qv51Next026	DNA-17309-CG001Qv51Next026-17	8	chr7	55242465	GGAATTAAGAGAAGCA	G	0	-0.7837388	0
210129_NB551381_0114_AHKFMWAFX2	CG001Qv51Next026	DNA-17309-CG001Qv51Next026-17	8	chr7	55249012	C	CGGT	0	-0.7837388	0
210129_NB551381_0114_AHKFMWAFX2	CG001Qv51Next026	DNA-17309-CG001Qv51Next026-24	16	chr17	7579424	AG	A	0	-0.7837388	0
210129_NB551381_0114_AHKFMWAFX2	CG001Qv51Next026	DNA-17309-CG001Qv51Next026-24	16	chr17	7577557	AG	A	0	-0.7837388	0
210129_NB551381_0114_AHKFMWAFX2	CG001Qv51Next026	DNA-17309-CG001Qv51Next026-24	16	chr4	55141048	T	TA	0	-0.7837388	0
210129_NB551381_0114_AHKFMWAFX2	CG001Qv51Next026	DNA-17309-CG001Qv51Next026-24	16	chr17	37880981	A	AGCATACGTGATG	0	-0.7837388	0
210129_NB551381_0114_AHKFMWAFX2	CG001Qv51Next026	DNA-17309-CG001Qv51Next026-24	16	chr7	55242465	GGAATTAAGAGAAGCA	G	0	-0.7837388	0
210129_NB551381_0114_AHKFMWAFX2	CG001Qv51Next026	DNA-17309-CG001Qv51Next026-24	16	chr7	55249012	C	CGGT	0	-0.7837388	0
201023_NB551381_0093_AHFWLJAFX2	CG001Qv51Next007	DNA-17210-CG001Qv51Next007-10	4	chr7	55242464	AGGAATTAAGAGAAGC	A	0	-0.7837388	0
201023_NB551381_0093_AHFWLJAFX2	CG001Qv51Next007	DNA-17210-CG001Qv51Next007-10	4	chr7	55248998	A	ATGGCCAGCG	0	-0.7837388	0
201023_NB551381_0093_AHFWLJAFX2	CG001Qv51Next007	DNA-17210-CG001Qv51Next007-17	8	chr7	55242464	AGGAATTAAGAGAAGC	A	0	-0.7837388	0
201023_NB551381_0093_AHFWLJAFX2	CG001Qv51Next007	DNA-17210-CG001Qv51Next007-17	8	chr7	55248998	A	ATGGCCAGCG	0	-0.7837388	0
201023_NB551381_0093_AHFWLJAFX2	CG001Qv51Next007	DNA-17210-CG001Qv51Next007-24	16	chr7	55242464	AGGAATTAAGAGAAGC	A	0	-0.7837388	0
201023_NB551381_0093_AHFWLJAFX2	CG001Qv51Next007	DNA-17210-CG001Qv51Next007-24	16	chr7	55248998	A	ATGGCCAGCG	0	-0.7837388	0
201002_NB551381_0087_AHFW2FAFX2	CG001Qv51Next002	DNA-17210-CG001Qv51Next002-10	4	chr7	55242464	AGGAATTAAGAGAAGC	A	0	-0.7837388	0
201002_NB551381_0087_AHFW2FAFX2	CG001Qv51Next002	DNA-17210-CG001Qv51Next002-10	4	chr7	55248998	A	ATGGCCAGCG	0	-0.7837388	0
201002_NB551381_0087_AHFW2FAFX2	CG001Qv51Next002	DNA-17210-CG001Qv51Next002-17	8	chr7	55242464	AGGAATTAAGAGAAGC	A	0	-0.7837388	0
201002_NB551381_0087_AHFW2FAFX2	CG001Qv51Next002	DNA-17210-CG001Qv51Next002-17	8	chr7	55248998	A	ATGGCCAGCG	0	-0.7837388	0
201002_NB551381_0087_AHFW2FAFX2	CG001Qv51Next002	DNA-17210-CG001Qv51Next002-24	16	chr7	55242464	AGGAATTAAGAGAAGC	A	0	-0.7837388	0
201002_NB551381_0087_AHFW2FAFX2	CG001Qv51Next002	DNA-17210-CG001Qv51Next002-24	16	chr7	55248998	A	ATGGCCAGCG	0	-0.7837388	0