run_id	run	sample	ng_est	chr	pos	ref	alt	exp_vaf	min_exp_vaf
201104_NB551381_0098_AHHKK5AFX2	CG001Qv51Next012	DNA-19825-CG001Qv51Next012-4	4	chr19	1207026	G	GCC	24.86333333	0.0706344697
201104_NB551381_0098_AHHKK5AFX2	CG001Qv51Next012	DNA-19825-CG001Qv51Next012-5	4	chr19	1207026	G	GCC	0.5650757576	0.0706344697
201104_NB551381_0098_AHHKK5AFX2	CG001Qv51Next012	DNA-19825-CG001Qv51Next012-6	4	chr19	1207026	G	GCC	0.4238068182	0.0706344697
201104_NB551381_0098_AHHKK5AFX2	CG001Qv51Next012	DNA-19825-CG001Qv51Next012-7	4	chr19	1207026	G	GCC	0.2825378788	0.0706344697
201104_NB551381_0098_AHHKK5AFX2	CG001Qv51Next012	DNA-19825-CG001Qv51Next012-8	4	chr19	1207026	G	GCC	0.1412689394	0.0706344697
201104_NB551381_0098_AHHKK5AFX2	CG001Qv51Next012	DNA-19825-CG001Qv51Next012-9	4	chr19	1207026	G	GCC	0.0706344697	0.0706344697
201104_NB551381_0098_AHHKK5AFX2	CG001Qv51Next012	DNA-21492-CG001Qv51Next012-10	4	chr19	1207026	G	GCC	0	0.0706344697
201104_NB551381_0098_AHHKK5AFX2	CG001Qv51Next012	DNA-19825-CG001Qv51Next012-11	8	chr19	1207026	G	GCC	24.86333333	0.0706344697
201104_NB551381_0098_AHHKK5AFX2	CG001Qv51Next012	DNA-19825-CG001Qv51Next012-12	8	chr19	1207026	G	GCC	0.5650757576	0.0706344697
201104_NB551381_0098_AHHKK5AFX2	CG001Qv51Next012	DNA-19825-CG001Qv51Next012-13	8	chr19	1207026	G	GCC	0.4238068182	0.0706344697
201104_NB551381_0098_AHHKK5AFX2	CG001Qv51Next012	DNA-19825-CG001Qv51Next012-14	8	chr19	1207026	G	GCC	0.2825378788	0.0706344697
201104_NB551381_0098_AHHKK5AFX2	CG001Qv51Next012	DNA-19825-CG001Qv51Next012-15	8	chr19	1207026	G	GCC	0.1412689394	0.0706344697
201104_NB551381_0098_AHHKK5AFX2	CG001Qv51Next012	DNA-19825-CG001Qv51Next012-16	8	chr19	1207026	G	GCC	0.0706344697	0.0706344697
201104_NB551381_0098_AHHKK5AFX2	CG001Qv51Next012	DNA-21492-CG001Qv51Next012-17	8	chr19	1207026	G	GCC	0	0.0706344697
201104_NB551381_0098_AHHKK5AFX2	CG001Qv51Next012	DNA-19825-CG001Qv51Next012-18	12	chr19	1207026	G	GCC	24.86333333	0.0706344697
201104_NB551381_0098_AHHKK5AFX2	CG001Qv51Next012	DNA-19825-CG001Qv51Next012-19	12	chr19	1207026	G	GCC	0.5650757576	0.0706344697
201104_NB551381_0098_AHHKK5AFX2	CG001Qv51Next012	DNA-19825-CG001Qv51Next012-20	12	chr19	1207026	G	GCC	0.4238068182	0.0706344697
201104_NB551381_0098_AHHKK5AFX2	CG001Qv51Next012	DNA-19825-CG001Qv51Next012-21	12	chr19	1207026	G	GCC	0.2825378788	0.0706344697
201104_NB551381_0098_AHHKK5AFX2	CG001Qv51Next012	DNA-19825-CG001Qv51Next012-22	12	chr19	1207026	G	GCC	0.1412689394	0.0706344697
201104_NB551381_0098_AHHKK5AFX2	CG001Qv51Next012	DNA-19825-CG001Qv51Next012-23	12	chr19	1207026	G	GCC	0.0706344697	0.0706344697
201104_NB551381_0098_AHHKK5AFX2	CG001Qv51Next012	DNA-21492-CG001Qv51Next012-24	12	chr19	1207026	G	GCC	0	0.0706344697
210205_NB551381_0118_AHMHT3AFX2	CG001Qv51Next032	DNA-25524-CG001Qv51Next032-4	4	chr7	55248998	A	ATGGCCAGCG	28.21733333	0.5038809524
210205_NB551381_0118_AHMHT3AFX2	CG001Qv51Next032	DNA-27489-CG001Qv51Next032-5	4	chr7	55248998	A	ATGGCCAGCG	5.038809524	0.5038809524
210205_NB551381_0118_AHMHT3AFX2	CG001Qv51Next032	DNA-27490-CG001Qv51Next032-6	4	chr7	55248998	A	ATGGCCAGCG	2.519404762	0.5038809524
210205_NB551381_0118_AHMHT3AFX2	CG001Qv51Next032	DNA-27491-CG001Qv51Next032-7	4	chr7	55248998	A	ATGGCCAGCG	1.007761905	0.5038809524
210205_NB551381_0118_AHMHT3AFX2	CG001Qv51Next032	DNA-27492-CG001Qv51Next032-8	4	chr7	55248998	A	ATGGCCAGCG	0.7558214286	0.5038809524
210205_NB551381_0118_AHMHT3AFX2	CG001Qv51Next032	DNA-27493-CG001Qv51Next032-9	4	chr7	55248998	A	ATGGCCAGCG	0.5038809524	0.5038809524
210205_NB551381_0118_AHMHT3AFX2	CG001Qv51Next032	DNA-26519-CG001Qv51Next032-10	4	chr7	55248998	A	ATGGCCAGCG	0	0.5038809524
210205_NB551381_0118_AHMHT3AFX2	CG001Qv51Next032	DNA-25524-CG001Qv51Next032-11	8	chr7	55248998	A	ATGGCCAGCG	28.21733333	0.5038809524
210205_NB551381_0118_AHMHT3AFX2	CG001Qv51Next032	DNA-27489-CG001Qv51Next032-12	8	chr7	55248998	A	ATGGCCAGCG	5.038809524	0.5038809524
210205_NB551381_0118_AHMHT3AFX2	CG001Qv51Next032	DNA-27490-CG001Qv51Next032-13	8	chr7	55248998	A	ATGGCCAGCG	2.519404762	0.5038809524
210205_NB551381_0118_AHMHT3AFX2	CG001Qv51Next032	DNA-27491-CG001Qv51Next032-14	8	chr7	55248998	A	ATGGCCAGCG	1.007761905	0.5038809524
210205_NB551381_0118_AHMHT3AFX2	CG001Qv51Next032	DNA-27492-CG001Qv51Next032-15	8	chr7	55248998	A	ATGGCCAGCG	0.7558214286	0.5038809524
210205_NB551381_0118_AHMHT3AFX2	CG001Qv51Next032	DNA-27493-CG001Qv51Next032-16	8	chr7	55248998	A	ATGGCCAGCG	0.5038809524	0.5038809524
210205_NB551381_0118_AHMHT3AFX2	CG001Qv51Next032	DNA-26519-CG001Qv51Next032-17	8	chr7	55248998	A	ATGGCCAGCG	0	0.5038809524
210205_NB551381_0118_AHMHT3AFX2	CG001Qv51Next032	DNA-25524-CG001Qv51Next032-18	12	chr7	55248998	A	ATGGCCAGCG	28.21733333	0.5038809524
210205_NB551381_0118_AHMHT3AFX2	CG001Qv51Next032	DNA-27489-CG001Qv51Next032-19	12	chr7	55248998	A	ATGGCCAGCG	5.038809524	0.5038809524
210205_NB551381_0118_AHMHT3AFX2	CG001Qv51Next032	DNA-27490-CG001Qv51Next032-20	12	chr7	55248998	A	ATGGCCAGCG	2.519404762	0.5038809524
210205_NB551381_0118_AHMHT3AFX2	CG001Qv51Next032	DNA-27491-CG001Qv51Next032-21	12	chr7	55248998	A	ATGGCCAGCG	1.007761905	0.5038809524
210205_NB551381_0118_AHMHT3AFX2	CG001Qv51Next032	DNA-27492-CG001Qv51Next032-22	12	chr7	55248998	A	ATGGCCAGCG	0.7558214286	0.5038809524
210205_NB551381_0118_AHMHT3AFX2	CG001Qv51Next032	DNA-27493-CG001Qv51Next032-23	12	chr7	55248998	A	ATGGCCAGCG	0.5038809524	0.5038809524
210205_NB551381_0118_AHMHT3AFX2	CG001Qv51Next032	DNA-26519-CG001Qv51Next032-24	12	chr7	55248998	A	ATGGCCAGCG	0	0.5038809524i
210217_NB551381_0120_AHMHG7AFX2	CG001Qv51Next034	DNA-27984-CG001Qv51Next034-11	8	chr17	7577537	CCGGTTCATGCCGCCCATGCAG	C	6.597	0.2167
210217_NB551381_0120_AHMHG7AFX2	CG001Qv51Next034	DNA-27985-CG001Qv51Next034-12	8	chr17	7577537	CCGGTTCATGCCGCCCATGCAG	C	4.6179	0.2167
210217_NB551381_0120_AHMHG7AFX2	CG001Qv51Next034	DNA-27986-CG001Qv51Next034-13	8	chr17	7577537	CCGGTTCATGCCGCCCATGCAG	C	3.2985	0.2167
210217_NB551381_0120_AHMHG7AFX2	CG001Qv51Next034	DNA-27987-CG001Qv51Next034-14	8	chr17	7577537	CCGGTTCATGCCGCCCATGCAG	C	1.3194	0.2167
210217_NB551381_0120_AHMHG7AFX2	CG001Qv51Next034	DNA-27988-CG001Qv51Next034-15	8	chr17	7577537	CCGGTTCATGCCGCCCATGCAG	C	0.98955	0.2167
210217_NB551381_0120_AHMHG7AFX2	CG001Qv51Next034	DNA-27989-CG001Qv51Next034-16	8	chr17	7577537	CCGGTTCATGCCGCCCATGCAG	C	0.6597	0.2167
210217_NB551381_0120_AHMHG7AFX2	CG001Qv51Next034	DNA-26519-CG001Qv51Next034-17	8	chr17	7577537	CCGGTTCATGCCGCCCATGCAG	C	0	0.2167
210217_NB551381_0120_AHMHG7AFX2	CG001Qv51Next034	DNA-27984-CG001Qv51Next034-18	12	chr17	7577537	CCGGTTCATGCCGCCCATGCAG	C	6.597	0.2167
210217_NB551381_0120_AHMHG7AFX2	CG001Qv51Next034	DNA-27985-CG001Qv51Next034-19	12	chr17	7577537	CCGGTTCATGCCGCCCATGCAG	C	4.6179	0.2167
210217_NB551381_0120_AHMHG7AFX2	CG001Qv51Next034	DNA-27986-CG001Qv51Next034-20	12	chr17	7577537	CCGGTTCATGCCGCCCATGCAG	C	3.2985	0.2167
210217_NB551381_0120_AHMHG7AFX2	CG001Qv51Next034	DNA-27987-CG001Qv51Next034-21	12	chr17	7577537	CCGGTTCATGCCGCCCATGCAG	C	1.3194	0.2167
210217_NB551381_0120_AHMHG7AFX2	CG001Qv51Next034	DNA-27988-CG001Qv51Next034-22	12	chr17	7577537	CCGGTTCATGCCGCCCATGCAG	C	0.98955	0.2167
210217_NB551381_0120_AHMHG7AFX2	CG001Qv51Next034	DNA-27989-CG001Qv51Next034-23	12	chr17	7577537	CCGGTTCATGCCGCCCATGCAG	C	0.6597	0.2167
210217_NB551381_0120_AHMHG7AFX2	CG001Qv51Next034	DNA-26519-CG001Qv51Next034-24	12	chr17	7577537	CCGGTTCATGCCGCCCATGCAG	C	0	0.2167
210217_NB551381_0120_AHMHG7AFX2	CG001Qv51Next034	DNA-27984-CG001Qv51Next034-11	8	chr17	7577597	G	GT	2.167	0.2167
210217_NB551381_0120_AHMHG7AFX2	CG001Qv51Next034	DNA-27985-CG001Qv51Next034-12	8	chr17	7577597	G	GT	1.5169	0.2167
210217_NB551381_0120_AHMHG7AFX2	CG001Qv51Next034	DNA-27986-CG001Qv51Next034-13	8	chr17	7577597	G	GT	1.0835	0.2167
210217_NB551381_0120_AHMHG7AFX2	CG001Qv51Next034	DNA-27987-CG001Qv51Next034-14	8	chr17	7577597	G	GT	0.4334	0.2167
210217_NB551381_0120_AHMHG7AFX2	CG001Qv51Next034	DNA-27988-CG001Qv51Next034-15	8	chr17	7577597	G	GT	0.32505	0.2167
210217_NB551381_0120_AHMHG7AFX2	CG001Qv51Next034	DNA-27989-CG001Qv51Next034-16	8	chr17	7577597	G	GT	0.2167	0.2167
210217_NB551381_0120_AHMHG7AFX2	CG001Qv51Next034	DNA-26519-CG001Qv51Next034-17	8	chr17	7577597	G	GT	0	0.2167
210217_NB551381_0120_AHMHG7AFX2	CG001Qv51Next034	DNA-27984-CG001Qv51Next034-18	12	chr17	7577597	G	GT	2.167	0.2167
210217_NB551381_0120_AHMHG7AFX2	CG001Qv51Next034	DNA-27985-CG001Qv51Next034-19	12	chr17	7577597	G	GT	1.5169	0.2167
210217_NB551381_0120_AHMHG7AFX2	CG001Qv51Next034	DNA-27986-CG001Qv51Next034-20	12	chr17	7577597	G	GT	1.0835	0.2167
210217_NB551381_0120_AHMHG7AFX2	CG001Qv51Next034	DNA-27987-CG001Qv51Next034-21	12	chr17	7577597	G	GT	0.4334	0.2167
210217_NB551381_0120_AHMHG7AFX2	CG001Qv51Next034	DNA-27988-CG001Qv51Next034-22	12	chr17	7577597	G	GT	0.32505	0.2167
210217_NB551381_0120_AHMHG7AFX2	CG001Qv51Next034	DNA-27989-CG001Qv51Next034-23	12	chr17	7577597	G	GT	0.2167	0.2167
210217_NB551381_0120_AHMHG7AFX2	CG001Qv51Next034	DNA-26519-CG001Qv51Next034-24	12	chr17	7577597	G	GT	0	0.2167
210217_NB551381_0120_AHMHG7AFX2	CG001Qv51Next034	DNA-27984-CG001Qv51Next034-11	8	chr17	7578457	CG	C	3.2075	0.2167
210217_NB551381_0120_AHMHG7AFX2	CG001Qv51Next034	DNA-27985-CG001Qv51Next034-12	8	chr17	7578457	CG	C	2.24525	0.2167
210217_NB551381_0120_AHMHG7AFX2	CG001Qv51Next034	DNA-27986-CG001Qv51Next034-13	8	chr17	7578457	CG	C	1.60375	0.2167
210217_NB551381_0120_AHMHG7AFX2	CG001Qv51Next034	DNA-27987-CG001Qv51Next034-14	8	chr17	7578457	CG	C	0.6415	0.2167
210217_NB551381_0120_AHMHG7AFX2	CG001Qv51Next034	DNA-27988-CG001Qv51Next034-15	8	chr17	7578457	CG	C	0.481125	0.2167
210217_NB551381_0120_AHMHG7AFX2	CG001Qv51Next034	DNA-27989-CG001Qv51Next034-16	8	chr17	7578457	CG	C	0.32075	0.2167
210217_NB551381_0120_AHMHG7AFX2	CG001Qv51Next034	DNA-26519-CG001Qv51Next034-17	8	chr17	7578457	CG	C	0	0.2167
210217_NB551381_0120_AHMHG7AFX2	CG001Qv51Next034	DNA-27984-CG001Qv51Next034-18	12	chr17	7578457	CG	C	3.2075	0.2167
210217_NB551381_0120_AHMHG7AFX2	CG001Qv51Next034	DNA-27985-CG001Qv51Next034-19	12	chr17	7578457	CG	C	2.24525	0.2167
210217_NB551381_0120_AHMHG7AFX2	CG001Qv51Next034	DNA-27986-CG001Qv51Next034-20	12	chr17	7578457	CG	C	1.60375	0.2167
210217_NB551381_0120_AHMHG7AFX2	CG001Qv51Next034	DNA-27987-CG001Qv51Next034-21	12	chr17	7578457	CG	C	0.6415	0.2167
210217_NB551381_0120_AHMHG7AFX2	CG001Qv51Next034	DNA-27988-CG001Qv51Next034-22	12	chr17	7578457	CG	C	0.481125	0.2167
210217_NB551381_0120_AHMHG7AFX2	CG001Qv51Next034	DNA-27989-CG001Qv51Next034-23	12	chr17	7578457	CG	C	0.32075	0.2167
210217_NB551381_0120_AHMHG7AFX2	CG001Qv51Next034	DNA-26519-CG001Qv51Next034-24	12	chr17	7578457	CG	C	0	0.2167
210217_NB551381_0120_AHMHG7AFX2	CG001Qv51Next034	DNA-27984-CG001Qv51Next034-11	8	chr17	7578463	CGGGTGCCGGGCGG	C	7.922	0.2167
210217_NB551381_0120_AHMHG7AFX2	CG001Qv51Next034	DNA-27985-CG001Qv51Next034-12	8	chr17	7578463	CGGGTGCCGGGCGG	C	5.5454	0.2167
210217_NB551381_0120_AHMHG7AFX2	CG001Qv51Next034	DNA-27986-CG001Qv51Next034-13	8	chr17	7578463	CGGGTGCCGGGCGG	C	3.961	0.2167
210217_NB551381_0120_AHMHG7AFX2	CG001Qv51Next034	DNA-27987-CG001Qv51Next034-14	8	chr17	7578463	CGGGTGCCGGGCGG	C	1.5844	0.2167
210217_NB551381_0120_AHMHG7AFX2	CG001Qv51Next034	DNA-27988-CG001Qv51Next034-15	8	chr17	7578463	CGGGTGCCGGGCGG	C	1.1883	0.2167
210217_NB551381_0120_AHMHG7AFX2	CG001Qv51Next034	DNA-27989-CG001Qv51Next034-16	8	chr17	7578463	CGGGTGCCGGGCGG	C	0.7922	0.2167
210217_NB551381_0120_AHMHG7AFX2	CG001Qv51Next034	DNA-26519-CG001Qv51Next034-17	8	chr17	7578463	CGGGTGCCGGGCGG	C	0	0.2167
210217_NB551381_0120_AHMHG7AFX2	CG001Qv51Next034	DNA-27984-CG001Qv51Next034-18	12	chr17	7578463	CGGGTGCCGGGCGG	C	7.922	0.2167
210217_NB551381_0120_AHMHG7AFX2	CG001Qv51Next034	DNA-27985-CG001Qv51Next034-19	12	chr17	7578463	CGGGTGCCGGGCGG	C	5.5454	0.2167
210217_NB551381_0120_AHMHG7AFX2	CG001Qv51Next034	DNA-27986-CG001Qv51Next034-20	12	chr17	7578463	CGGGTGCCGGGCGG	C	3.961	0.2167
210217_NB551381_0120_AHMHG7AFX2	CG001Qv51Next034	DNA-27987-CG001Qv51Next034-21	12	chr17	7578463	CGGGTGCCGGGCGG	C	1.5844	0.2167
210217_NB551381_0120_AHMHG7AFX2	CG001Qv51Next034	DNA-27988-CG001Qv51Next034-22	12	chr17	7578463	CGGGTGCCGGGCGG	C	1.1883	0.2167
210217_NB551381_0120_AHMHG7AFX2	CG001Qv51Next034	DNA-27989-CG001Qv51Next034-23	12	chr17	7578463	CGGGTGCCGGGCGG	C	0.7922	0.2167
210217_NB551381_0120_AHMHG7AFX2	CG001Qv51Next034	DNA-26519-CG001Qv51Next034-24	12	chr17	7578463	CGGGTGCCGGGCGG	C	0	0.2167
210217_NB551381_0120_AHMHG7AFX2	CG001Qv51Next034	DNA-27984-CG001Qv51Next034-11	8	chr4	55592163	A	ATGTGGGCAAGACTTC	5.049	0.2167
210217_NB551381_0120_AHMHG7AFX2	CG001Qv51Next034	DNA-27985-CG001Qv51Next034-12	8	chr4	55592163	A	ATGTGGGCAAGACTTC	3.5343	0.2167
210217_NB551381_0120_AHMHG7AFX2	CG001Qv51Next034	DNA-27986-CG001Qv51Next034-13	8	chr4	55592163	A	ATGTGGGCAAGACTTC	2.5245	0.2167
210217_NB551381_0120_AHMHG7AFX2	CG001Qv51Next034	DNA-27987-CG001Qv51Next034-14	8	chr4	55592163	A	ATGTGGGCAAGACTTC	1.0098	0.2167
210217_NB551381_0120_AHMHG7AFX2	CG001Qv51Next034	DNA-27988-CG001Qv51Next034-15	8	chr4	55592163	A	ATGTGGGCAAGACTTC	0.75735	0.2167
210217_NB551381_0120_AHMHG7AFX2	CG001Qv51Next034	DNA-27989-CG001Qv51Next034-16	8	chr4	55592163	A	ATGTGGGCAAGACTTC	0.5049	0.2167
210217_NB551381_0120_AHMHG7AFX2	CG001Qv51Next034	DNA-26519-CG001Qv51Next034-17	8	chr4	55592163	A	ATGTGGGCAAGACTTC	0	0.2167
210217_NB551381_0120_AHMHG7AFX2	CG001Qv51Next034	DNA-27984-CG001Qv51Next034-18	12	chr4	55592163	A	ATGTGGGCAAGACTTC	5.049	0.2167
210217_NB551381_0120_AHMHG7AFX2	CG001Qv51Next034	DNA-27985-CG001Qv51Next034-19	12	chr4	55592163	A	ATGTGGGCAAGACTTC	3.5343	0.2167
210217_NB551381_0120_AHMHG7AFX2	CG001Qv51Next034	DNA-27986-CG001Qv51Next034-20	12	chr4	55592163	A	ATGTGGGCAAGACTTC	2.5245	0.2167
210217_NB551381_0120_AHMHG7AFX2	CG001Qv51Next034	DNA-27987-CG001Qv51Next034-21	12	chr4	55592163	A	ATGTGGGCAAGACTTC	1.0098	0.2167
210217_NB551381_0120_AHMHG7AFX2	CG001Qv51Next034	DNA-27988-CG001Qv51Next034-22	12	chr4	55592163	A	ATGTGGGCAAGACTTC	0.75735	0.2167
210217_NB551381_0120_AHMHG7AFX2	CG001Qv51Next034	DNA-27989-CG001Qv51Next034-23	12	chr4	55592163	A	ATGTGGGCAAGACTTC	0.5049	0.2167
210217_NB551381_0120_AHMHG7AFX2	CG001Qv51Next034	DNA-26519-CG001Qv51Next034-24	12	chr4	55592163	A	ATGTGGGCAAGACTTC	0	0.2167
210217_NB551381_0120_AHMHG7AFX2	CG001Qv51Next034	DNA-27984-CG001Qv51Next034-11	8	chr7	116411848	C	CCT	4.5175	0.2167
210217_NB551381_0120_AHMHG7AFX2	CG001Qv51Next034	DNA-27985-CG001Qv51Next034-12	8	chr7	116411848	C	CCT	3.16225	0.2167
210217_NB551381_0120_AHMHG7AFX2	CG001Qv51Next034	DNA-27986-CG001Qv51Next034-13	8	chr7	116411848	C	CCT	2.25875	0.2167
210217_NB551381_0120_AHMHG7AFX2	CG001Qv51Next034	DNA-27987-CG001Qv51Next034-14	8	chr7	116411848	C	CCT	0.9035	0.2167
210217_NB551381_0120_AHMHG7AFX2	CG001Qv51Next034	DNA-27988-CG001Qv51Next034-15	8	chr7	116411848	C	CCT	0.677625	0.2167
210217_NB551381_0120_AHMHG7AFX2	CG001Qv51Next034	DNA-27989-CG001Qv51Next034-16	8	chr7	116411848	C	CCT	0.45175	0.2167
210217_NB551381_0120_AHMHG7AFX2	CG001Qv51Next034	DNA-26519-CG001Qv51Next034-17	8	chr7	116411848	C	CCT	0	0.2167
210217_NB551381_0120_AHMHG7AFX2	CG001Qv51Next034	DNA-27984-CG001Qv51Next034-18	12	chr7	116411848	C	CCT	4.5175	0.2167
210217_NB551381_0120_AHMHG7AFX2	CG001Qv51Next034	DNA-27985-CG001Qv51Next034-19	12	chr7	116411848	C	CCT	3.16225	0.2167
210217_NB551381_0120_AHMHG7AFX2	CG001Qv51Next034	DNA-27986-CG001Qv51Next034-20	12	chr7	116411848	C	CCT	2.25875	0.2167
210217_NB551381_0120_AHMHG7AFX2	CG001Qv51Next034	DNA-27987-CG001Qv51Next034-21	12	chr7	116411848	C	CCT	0.9035	0.2167
210217_NB551381_0120_AHMHG7AFX2	CG001Qv51Next034	DNA-27988-CG001Qv51Next034-22	12	chr7	116411848	C	CCT	0.677625	0.2167
210217_NB551381_0120_AHMHG7AFX2	CG001Qv51Next034	DNA-27989-CG001Qv51Next034-23	12	chr7	116411848	C	CCT	0.45175	0.2167
210217_NB551381_0120_AHMHG7AFX2	CG001Qv51Next034	DNA-26519-CG001Qv51Next034-24	12	chr7	116411848	C	CCT	0	0.2167
210217_NB551381_0120_AHMHG7AFX2	CG001Qv51Next034	DNA-27984-CG001Qv51Next034-11	8	chr7	55242469	TTAAGAGAAGCAACATCTC	T	3.631	0.2167
210217_NB551381_0120_AHMHG7AFX2	CG001Qv51Next034	DNA-27985-CG001Qv51Next034-12	8	chr7	55242469	TTAAGAGAAGCAACATCTC	T	2.5417	0.2167
210217_NB551381_0120_AHMHG7AFX2	CG001Qv51Next034	DNA-27986-CG001Qv51Next034-13	8	chr7	55242469	TTAAGAGAAGCAACATCTC	T	1.8155	0.2167
210217_NB551381_0120_AHMHG7AFX2	CG001Qv51Next034	DNA-27987-CG001Qv51Next034-14	8	chr7	55242469	TTAAGAGAAGCAACATCTC	T	0.7262	0.2167
210217_NB551381_0120_AHMHG7AFX2	CG001Qv51Next034	DNA-27988-CG001Qv51Next034-15	8	chr7	55242469	TTAAGAGAAGCAACATCTC	T	0.54465	0.2167
210217_NB551381_0120_AHMHG7AFX2	CG001Qv51Next034	DNA-27989-CG001Qv51Next034-16	8	chr7	55242469	TTAAGAGAAGCAACATCTC	T	0.3631	0.2167
210217_NB551381_0120_AHMHG7AFX2	CG001Qv51Next034	DNA-26519-CG001Qv51Next034-17	8	chr7	55242469	TTAAGAGAAGCAACATCTC	T	0	0.2167
210217_NB551381_0120_AHMHG7AFX2	CG001Qv51Next034	DNA-27984-CG001Qv51Next034-18	12	chr7	55242469	TTAAGAGAAGCAACATCTC	T	3.631	0.2167
210217_NB551381_0120_AHMHG7AFX2	CG001Qv51Next034	DNA-27985-CG001Qv51Next034-19	12	chr7	55242469	TTAAGAGAAGCAACATCTC	T	2.5417	0.2167
210217_NB551381_0120_AHMHG7AFX2	CG001Qv51Next034	DNA-27986-CG001Qv51Next034-20	12	chr7	55242469	TTAAGAGAAGCAACATCTC	T	1.8155	0.2167
210217_NB551381_0120_AHMHG7AFX2	CG001Qv51Next034	DNA-27987-CG001Qv51Next034-21	12	chr7	55242469	TTAAGAGAAGCAACATCTC	T	0.7262	0.2167
210217_NB551381_0120_AHMHG7AFX2	CG001Qv51Next034	DNA-27988-CG001Qv51Next034-22	12	chr7	55242469	TTAAGAGAAGCAACATCTC	T	0.54465	0.2167
210217_NB551381_0120_AHMHG7AFX2	CG001Qv51Next034	DNA-27989-CG001Qv51Next034-23	12	chr7	55242469	TTAAGAGAAGCAACATCTC	T	0.3631	0.2167
210217_NB551381_0120_AHMHG7AFX2	CG001Qv51Next034	DNA-26519-CG001Qv51Next034-24	12	chr7	55242469	TTAAGAGAAGCAACATCTC	T	0	0.2167
210217_NB551381_0120_AHMHG7AFX2	CG001Qv51Next034	DNA-27984-CG001Qv51Next034-11	8	chr7	55248998	A	ATGGCCAGCG	6.0795	0.2167
210217_NB551381_0120_AHMHG7AFX2	CG001Qv51Next034	DNA-27985-CG001Qv51Next034-12	8	chr7	55248998	A	ATGGCCAGCG	4.25565	0.2167
210217_NB551381_0120_AHMHG7AFX2	CG001Qv51Next034	DNA-27986-CG001Qv51Next034-13	8	chr7	55248998	A	ATGGCCAGCG	3.03975	0.2167
210217_NB551381_0120_AHMHG7AFX2	CG001Qv51Next034	DNA-27987-CG001Qv51Next034-14	8	chr7	55248998	A	ATGGCCAGCG	1.2159	0.2167
210217_NB551381_0120_AHMHG7AFX2	CG001Qv51Next034	DNA-27988-CG001Qv51Next034-15	8	chr7	55248998	A	ATGGCCAGCG	0.911925	0.2167
210217_NB551381_0120_AHMHG7AFX2	CG001Qv51Next034	DNA-27989-CG001Qv51Next034-16	8	chr7	55248998	A	ATGGCCAGCG	0.60795	0.2167
210217_NB551381_0120_AHMHG7AFX2	CG001Qv51Next034	DNA-26519-CG001Qv51Next034-17	8	chr7	55248998	A	ATGGCCAGCG	0	0.2167
210217_NB551381_0120_AHMHG7AFX2	CG001Qv51Next034	DNA-27984-CG001Qv51Next034-18	12	chr7	55248998	A	ATGGCCAGCG	6.0795	0.2167
210217_NB551381_0120_AHMHG7AFX2	CG001Qv51Next034	DNA-27985-CG001Qv51Next034-19	12	chr7	55248998	A	ATGGCCAGCG	4.25565	0.2167
210217_NB551381_0120_AHMHG7AFX2	CG001Qv51Next034	DNA-27986-CG001Qv51Next034-20	12	chr7	55248998	A	ATGGCCAGCG	3.03975	0.2167
210217_NB551381_0120_AHMHG7AFX2	CG001Qv51Next034	DNA-27987-CG001Qv51Next034-21	12	chr7	55248998	A	ATGGCCAGCG	1.2159	0.2167
210217_NB551381_0120_AHMHG7AFX2	CG001Qv51Next034	DNA-27988-CG001Qv51Next034-22	12	chr7	55248998	A	ATGGCCAGCG	0.911925	0.2167
210217_NB551381_0120_AHMHG7AFX2	CG001Qv51Next034	DNA-27989-CG001Qv51Next034-23	12	chr7	55248998	A	ATGGCCAGCG	0.60795	0.2167
210217_NB551381_0120_AHMHG7AFX2	CG001Qv51Next034	DNA-26519-CG001Qv51Next034-24	12	chr7	55248998	A	ATGGCCAGCG	0	0.2167
