run_id	run	sample	ng_est	chr	pos	ref	alt	exp_vaf	lower_pi	min_exp_vaf
210121_NB551381_0110_AHJM5HAFX2	CG001Qv51Next024	DNA-26010-CG001Qv51Next024-4	4	chr17	7579424	AG	A	1	0.2270145	0.79
210121_NB551381_0110_AHJM5HAFX2	CG001Qv51Next024	DNA-26010-CG001Qv51Next024-4	4	chr17	7577557	AG	A	1	0.2270145	0.79
210121_NB551381_0110_AHJM5HAFX2	CG001Qv51Next024	DNA-26010-CG001Qv51Next024-4	4	chr4	55141048	T	TA	1	0.2270145	0.79
210121_NB551381_0110_AHJM5HAFX2	CG001Qv51Next024	DNA-26010-CG001Qv51Next024-4	4	chr17	37880981	A	AGCATACGTGATG	1	0.2270145	0.79
210121_NB551381_0110_AHJM5HAFX2	CG001Qv51Next024	DNA-26010-CG001Qv51Next024-4	4	chr7	55242465	GGAATTAAGAGAAGCA	G	1	0.2270145	0.79
210121_NB551381_0110_AHJM5HAFX2	CG001Qv51Next024	DNA-26010-CG001Qv51Next024-4	4	chr7	55249012	C	CGGT	1	0.2270145	0.79
210121_NB551381_0110_AHJM5HAFX2	CG001Qv51Next024	DNA-26010-CG001Qv51Next024-11	8	chr17	7579424	AG	A	1	0.2270145	0.79
210121_NB551381_0110_AHJM5HAFX2	CG001Qv51Next024	DNA-26010-CG001Qv51Next024-11	8	chr17	7577557	AG	A	1	0.2270145	0.79
210121_NB551381_0110_AHJM5HAFX2	CG001Qv51Next024	DNA-26010-CG001Qv51Next024-11	8	chr4	55141048	T	TA	1	0.2270145	0.79
210121_NB551381_0110_AHJM5HAFX2	CG001Qv51Next024	DNA-26010-CG001Qv51Next024-11	8	chr17	37880981	A	AGCATACGTGATG	1	0.2270145	0.79
210121_NB551381_0110_AHJM5HAFX2	CG001Qv51Next024	DNA-26010-CG001Qv51Next024-11	8	chr7	55242465	GGAATTAAGAGAAGCA	G	1	0.2270145	0.79
210121_NB551381_0110_AHJM5HAFX2	CG001Qv51Next024	DNA-26010-CG001Qv51Next024-11	8	chr7	55249012	C	CGGT	1	0.2270145	0.79
210121_NB551381_0110_AHJM5HAFX2	CG001Qv51Next024	DNA-26010-CG001Qv51Next024-18	16	chr17	7579424	AG	A	1	0.2270145	0.79
210121_NB551381_0110_AHJM5HAFX2	CG001Qv51Next024	DNA-26010-CG001Qv51Next024-18	16	chr17	7577557	AG	A	1	0.2270145	0.79
210121_NB551381_0110_AHJM5HAFX2	CG001Qv51Next024	DNA-26010-CG001Qv51Next024-18	16	chr4	55141048	T	TA	1	0.2270145	0.79
210121_NB551381_0110_AHJM5HAFX2	CG001Qv51Next024	DNA-26010-CG001Qv51Next024-18	16	chr17	37880981	A	AGCATACGTGATG	1	0.2270145	0.79
210121_NB551381_0110_AHJM5HAFX2	CG001Qv51Next024	DNA-26010-CG001Qv51Next024-18	16	chr7	55242465	GGAATTAAGAGAAGCA	G	1	0.2270145	0.79
210121_NB551381_0110_AHJM5HAFX2	CG001Qv51Next024	DNA-26010-CG001Qv51Next024-18	16	chr7	55249012	C	CGGT	1	0.2270145	0.79
210121_NB551381_0110_AHJM5HAFX2	CG001Qv51Next024	DNA-26669-CG001Qv51Next024-5	4	chr17	7579424	AG	A	0.75	-0.02551548	0.5925
210121_NB551381_0110_AHJM5HAFX2	CG001Qv51Next024	DNA-26669-CG001Qv51Next024-5	4	chr17	7577557	AG	A	0.75	-0.02551548	0.5925
210121_NB551381_0110_AHJM5HAFX2	CG001Qv51Next024	DNA-26669-CG001Qv51Next024-5	4	chr4	55141048	T	TA	0.75	-0.02551548	0.5925
210121_NB551381_0110_AHJM5HAFX2	CG001Qv51Next024	DNA-26669-CG001Qv51Next024-5	4	chr17	37880981	A	AGCATACGTGATG	0.75	-0.02551548	0.5925
210121_NB551381_0110_AHJM5HAFX2	CG001Qv51Next024	DNA-26669-CG001Qv51Next024-5	4	chr7	55242465	GGAATTAAGAGAAGCA	G	0.75	-0.02551548	0.5925
210121_NB551381_0110_AHJM5HAFX2	CG001Qv51Next024	DNA-26669-CG001Qv51Next024-5	4	chr7	55249012	C	CGGT	0.75	-0.02551548	0.5925
210121_NB551381_0110_AHJM5HAFX2	CG001Qv51Next024	DNA-26669-CG001Qv51Next024-12	8	chr17	7579424	AG	A	0.75	-0.02551548	0.5925
210121_NB551381_0110_AHJM5HAFX2	CG001Qv51Next024	DNA-26669-CG001Qv51Next024-12	8	chr17	7577557	AG	A	0.75	-0.02551548	0.5925
210121_NB551381_0110_AHJM5HAFX2	CG001Qv51Next024	DNA-26669-CG001Qv51Next024-12	8	chr4	55141048	T	TA	0.75	-0.02551548	0.5925
210121_NB551381_0110_AHJM5HAFX2	CG001Qv51Next024	DNA-26669-CG001Qv51Next024-12	8	chr17	37880981	A	AGCATACGTGATG	0.75	-0.02551548	0.5925
210121_NB551381_0110_AHJM5HAFX2	CG001Qv51Next024	DNA-26669-CG001Qv51Next024-12	8	chr7	55242465	GGAATTAAGAGAAGCA	G	0.75	-0.02551548	0.5925
210121_NB551381_0110_AHJM5HAFX2	CG001Qv51Next024	DNA-26669-CG001Qv51Next024-12	8	chr7	55249012	C	CGGT	0.75	-0.02551548	0.5925
210121_NB551381_0110_AHJM5HAFX2	CG001Qv51Next024	DNA-26669-CG001Qv51Next024-19	16	chr17	7579424	AG	A	0.75	-0.02551548	0.5925
210121_NB551381_0110_AHJM5HAFX2	CG001Qv51Next024	DNA-26669-CG001Qv51Next024-19	16	chr17	7577557	AG	A	0.75	-0.02551548	0.5925
210121_NB551381_0110_AHJM5HAFX2	CG001Qv51Next024	DNA-26669-CG001Qv51Next024-19	16	chr4	55141048	T	TA	0.75	-0.02551548	0.5925
210121_NB551381_0110_AHJM5HAFX2	CG001Qv51Next024	DNA-26669-CG001Qv51Next024-19	16	chr17	37880981	A	AGCATACGTGATG	0.75	-0.02551548	0.5925
210121_NB551381_0110_AHJM5HAFX2	CG001Qv51Next024	DNA-26669-CG001Qv51Next024-19	16	chr7	55242465	GGAATTAAGAGAAGCA	G	0.75	-0.02551548	0.5925
210121_NB551381_0110_AHJM5HAFX2	CG001Qv51Next024	DNA-26669-CG001Qv51Next024-19	16	chr7	55249012	C	CGGT	0.75	-0.02551548	0.5925
210121_NB551381_0110_AHJM5HAFX2	CG001Qv51Next024	DNA-26013-CG001Qv51Next024-6	4	chr17	7579424	AG	A	0.5	-0.2781512	0.34
210121_NB551381_0110_AHJM5HAFX2	CG001Qv51Next024	DNA-26013-CG001Qv51Next024-6	4	chr17	7577557	AG	A	0.5	-0.2781512	0.34
210121_NB551381_0110_AHJM5HAFX2	CG001Qv51Next024	DNA-26013-CG001Qv51Next024-6	4	chr4	55141048	T	TA	0.5	-0.2781512	0.34
210121_NB551381_0110_AHJM5HAFX2	CG001Qv51Next024	DNA-26013-CG001Qv51Next024-6	4	chr17	37880981	A	AGCATACGTGATG	0.5	-0.2781512	0.34
210121_NB551381_0110_AHJM5HAFX2	CG001Qv51Next024	DNA-26013-CG001Qv51Next024-6	4	chr7	55242465	GGAATTAAGAGAAGCA	G	0.5	-0.2781512	0.34
210121_NB551381_0110_AHJM5HAFX2	CG001Qv51Next024	DNA-26013-CG001Qv51Next024-6	4	chr7	55249012	C	CGGT	0.5	-0.2781512	0.34
210121_NB551381_0110_AHJM5HAFX2	CG001Qv51Next024	DNA-26013-CG001Qv51Next024-13	8	chr17	7579424	AG	A	0.5	-0.2781512	0.34
210121_NB551381_0110_AHJM5HAFX2	CG001Qv51Next024	DNA-26013-CG001Qv51Next024-13	8	chr17	7577557	AG	A	0.5	-0.2781512	0.34
210121_NB551381_0110_AHJM5HAFX2	CG001Qv51Next024	DNA-26013-CG001Qv51Next024-13	8	chr4	55141048	T	TA	0.5	-0.2781512	0.34
210121_NB551381_0110_AHJM5HAFX2	CG001Qv51Next024	DNA-26013-CG001Qv51Next024-13	8	chr17	37880981	A	AGCATACGTGATG	0.5	-0.2781512	0.34
210121_NB551381_0110_AHJM5HAFX2	CG001Qv51Next024	DNA-26013-CG001Qv51Next024-13	8	chr7	55242465	GGAATTAAGAGAAGCA	G	0.5	-0.2781512	0.34
210121_NB551381_0110_AHJM5HAFX2	CG001Qv51Next024	DNA-26013-CG001Qv51Next024-13	8	chr7	55249012	C	CGGT	0.5	-0.2781512	0.34
210121_NB551381_0110_AHJM5HAFX2	CG001Qv51Next024	DNA-26013-CG001Qv51Next024-20	16	chr17	7579424	AG	A	0.5	-0.2781512	0.34
210121_NB551381_0110_AHJM5HAFX2	CG001Qv51Next024	DNA-26013-CG001Qv51Next024-20	16	chr17	7577557	AG	A	0.5	-0.2781512	0.34
210121_NB551381_0110_AHJM5HAFX2	CG001Qv51Next024	DNA-26013-CG001Qv51Next024-20	16	chr4	55141048	T	TA	0.5	-0.2781512	0.34
210121_NB551381_0110_AHJM5HAFX2	CG001Qv51Next024	DNA-26013-CG001Qv51Next024-20	16	chr17	37880981	A	AGCATACGTGATG	0.5	-0.2781512	0.34
210121_NB551381_0110_AHJM5HAFX2	CG001Qv51Next024	DNA-26013-CG001Qv51Next024-20	16	chr7	55242465	GGAATTAAGAGAAGCA	G	0.5	-0.2781512	0.34
210121_NB551381_0110_AHJM5HAFX2	CG001Qv51Next024	DNA-26013-CG001Qv51Next024-20	16	chr7	55249012	C	CGGT	0.5	-0.2781512	0.34
210121_NB551381_0110_AHJM5HAFX2	CG001Qv51Next024	DNA-26670-CG001Qv51Next024-7	4	chr17	7579424	AG	A	0.375	-0.4045086	0.29625
210121_NB551381_0110_AHJM5HAFX2	CG001Qv51Next024	DNA-26670-CG001Qv51Next024-7	4	chr17	7577557	AG	A	0.375	-0.4045086	0.29625
210121_NB551381_0110_AHJM5HAFX2	CG001Qv51Next024	DNA-26670-CG001Qv51Next024-7	4	chr4	55141048	T	TA	0.375	-0.4045086	0.29625
210121_NB551381_0110_AHJM5HAFX2	CG001Qv51Next024	DNA-26670-CG001Qv51Next024-7	4	chr17	37880981	A	AGCATACGTGATG	0.375	-0.4045086	0.29625
210121_NB551381_0110_AHJM5HAFX2	CG001Qv51Next024	DNA-26670-CG001Qv51Next024-7	4	chr7	55242465	GGAATTAAGAGAAGCA	G	0.375	-0.4045086	0.29625
210121_NB551381_0110_AHJM5HAFX2	CG001Qv51Next024	DNA-26670-CG001Qv51Next024-7	4	chr7	55249012	C	CGGT	0.375	-0.4045086	0.29625
210121_NB551381_0110_AHJM5HAFX2	CG001Qv51Next024	DNA-26670-CG001Qv51Next024-14	8	chr17	7579424	AG	A	0.375	-0.4045086	0.29625
210121_NB551381_0110_AHJM5HAFX2	CG001Qv51Next024	DNA-26670-CG001Qv51Next024-14	8	chr17	7577557	AG	A	0.375	-0.4045086	0.29625
210121_NB551381_0110_AHJM5HAFX2	CG001Qv51Next024	DNA-26670-CG001Qv51Next024-14	8	chr4	55141048	T	TA	0.375	-0.4045086	0.29625
210121_NB551381_0110_AHJM5HAFX2	CG001Qv51Next024	DNA-26670-CG001Qv51Next024-14	8	chr17	37880981	A	AGCATACGTGATG	0.375	-0.4045086	0.29625
210121_NB551381_0110_AHJM5HAFX2	CG001Qv51Next024	DNA-26670-CG001Qv51Next024-14	8	chr7	55242465	GGAATTAAGAGAAGCA	G	0.375	-0.4045086	0.29625
210121_NB551381_0110_AHJM5HAFX2	CG001Qv51Next024	DNA-26670-CG001Qv51Next024-14	8	chr7	55249012	C	CGGT	0.375	-0.4045086	0.29625
210121_NB551381_0110_AHJM5HAFX2	CG001Qv51Next024	DNA-26670-CG001Qv51Next024-21	16	chr17	7579424	AG	A	0.375	-0.4045086	0.29625
210121_NB551381_0110_AHJM5HAFX2	CG001Qv51Next024	DNA-26670-CG001Qv51Next024-21	16	chr17	7577557	AG	A	0.375	-0.4045086	0.29625
210121_NB551381_0110_AHJM5HAFX2	CG001Qv51Next024	DNA-26670-CG001Qv51Next024-21	16	chr4	55141048	T	TA	0.375	-0.4045086	0.29625
210121_NB551381_0110_AHJM5HAFX2	CG001Qv51Next024	DNA-26670-CG001Qv51Next024-21	16	chr17	37880981	A	AGCATACGTGATG	0.375	-0.4045086	0.29625
210121_NB551381_0110_AHJM5HAFX2	CG001Qv51Next024	DNA-26670-CG001Qv51Next024-21	16	chr7	55242465	GGAATTAAGAGAAGCA	G	0.375	-0.4045086	0.29625
210121_NB551381_0110_AHJM5HAFX2	CG001Qv51Next024	DNA-26670-CG001Qv51Next024-21	16	chr7	55249012	C	CGGT	0.375	-0.4045086	0.29625
210121_NB551381_0110_AHJM5HAFX2	CG001Qv51Next024	DNA-26671-CG001Qv51Next024-8	4	chr17	7579424	AG	A	0.25	-0.5308924	0.085
210121_NB551381_0110_AHJM5HAFX2	CG001Qv51Next024	DNA-26671-CG001Qv51Next024-8	4	chr17	7577557	AG	A	0.25	-0.5308924	0.085
210121_NB551381_0110_AHJM5HAFX2	CG001Qv51Next024	DNA-26671-CG001Qv51Next024-8	4	chr4	55141048	T	TA	0.25	-0.5308924	0.085
210121_NB551381_0110_AHJM5HAFX2	CG001Qv51Next024	DNA-26671-CG001Qv51Next024-8	4	chr17	37880981	A	AGCATACGTGATG	0.25	-0.5308924	0.085
210121_NB551381_0110_AHJM5HAFX2	CG001Qv51Next024	DNA-26671-CG001Qv51Next024-8	4	chr7	55242465	GGAATTAAGAGAAGCA	G	0.25	-0.5308924	0.085
210121_NB551381_0110_AHJM5HAFX2	CG001Qv51Next024	DNA-26671-CG001Qv51Next024-8	4	chr7	55249012	C	CGGT	0.25	-0.5308924	0.085
210121_NB551381_0110_AHJM5HAFX2	CG001Qv51Next024	DNA-26671-CG001Qv51Next024-15	8	chr17	7579424	AG	A	0.25	-0.5308924	0.085
210121_NB551381_0110_AHJM5HAFX2	CG001Qv51Next024	DNA-26671-CG001Qv51Next024-15	8	chr17	7577557	AG	A	0.25	-0.5308924	0.085
210121_NB551381_0110_AHJM5HAFX2	CG001Qv51Next024	DNA-26671-CG001Qv51Next024-15	8	chr4	55141048	T	TA	0.25	-0.5308924	0.085
210121_NB551381_0110_AHJM5HAFX2	CG001Qv51Next024	DNA-26671-CG001Qv51Next024-15	8	chr17	37880981	A	AGCATACGTGATG	0.25	-0.5308924	0.085
210121_NB551381_0110_AHJM5HAFX2	CG001Qv51Next024	DNA-26671-CG001Qv51Next024-15	8	chr7	55242465	GGAATTAAGAGAAGCA	G	0.25	-0.5308924	0.085
210121_NB551381_0110_AHJM5HAFX2	CG001Qv51Next024	DNA-26671-CG001Qv51Next024-15	8	chr7	55249012	C	CGGT	0.25	-0.5308924	0.085
210121_NB551381_0110_AHJM5HAFX2	CG001Qv51Next024	DNA-26671-CG001Qv51Next024-22	16	chr17	7579424	AG	A	0.25	-0.5308924	0.085
210121_NB551381_0110_AHJM5HAFX2	CG001Qv51Next024	DNA-26671-CG001Qv51Next024-22	16	chr17	7577557	AG	A	0.25	-0.5308924	0.085
210121_NB551381_0110_AHJM5HAFX2	CG001Qv51Next024	DNA-26671-CG001Qv51Next024-22	16	chr4	55141048	T	TA	0.25	-0.5308924	0.085
210121_NB551381_0110_AHJM5HAFX2	CG001Qv51Next024	DNA-26671-CG001Qv51Next024-22	16	chr17	37880981	A	AGCATACGTGATG	0.25	-0.5308924	0.085
210121_NB551381_0110_AHJM5HAFX2	CG001Qv51Next024	DNA-26671-CG001Qv51Next024-22	16	chr7	55242465	GGAATTAAGAGAAGCA	G	0.25	-0.5308924	0.085
210121_NB551381_0110_AHJM5HAFX2	CG001Qv51Next024	DNA-26671-CG001Qv51Next024-22	16	chr7	55249012	C	CGGT	0.25	-0.5308924	0.085
210121_NB551381_0110_AHJM5HAFX2	CG001Qv51Next024	DNA-17661-CG001Qv51Next024-9	4	chr17	7579424	AG	A	0.125	-0.6573024	0.1
210121_NB551381_0110_AHJM5HAFX2	CG001Qv51Next024	DNA-17661-CG001Qv51Next024-9	4	chr17	7577557	AG	A	0.125	-0.6573024	0.1
210121_NB551381_0110_AHJM5HAFX2	CG001Qv51Next024	DNA-17661-CG001Qv51Next024-9	4	chr4	55141048	T	TA	0.125	-0.6573024	0.1
210121_NB551381_0110_AHJM5HAFX2	CG001Qv51Next024	DNA-17661-CG001Qv51Next024-9	4	chr17	37880981	A	AGCATACGTGATG	0.125	-0.6573024	0.1
210121_NB551381_0110_AHJM5HAFX2	CG001Qv51Next024	DNA-17661-CG001Qv51Next024-9	4	chr7	55242465	GGAATTAAGAGAAGCA	G	0.125	-0.6573024	0.1
210121_NB551381_0110_AHJM5HAFX2	CG001Qv51Next024	DNA-17661-CG001Qv51Next024-9	4	chr7	55249012	C	CGGT	0.125	-0.6573024	0.1
210121_NB551381_0110_AHJM5HAFX2	CG001Qv51Next024	DNA-17661-CG001Qv51Next024-16	8	chr17	7579424	AG	A	0.125	-0.6573024	0.1
210121_NB551381_0110_AHJM5HAFX2	CG001Qv51Next024	DNA-17661-CG001Qv51Next024-16	8	chr17	7577557	AG	A	0.125	-0.6573024	0.1
210121_NB551381_0110_AHJM5HAFX2	CG001Qv51Next024	DNA-17661-CG001Qv51Next024-16	8	chr4	55141048	T	TA	0.125	-0.6573024	0.1
210121_NB551381_0110_AHJM5HAFX2	CG001Qv51Next024	DNA-17661-CG001Qv51Next024-16	8	chr17	37880981	A	AGCATACGTGATG	0.125	-0.6573024	0.1
210121_NB551381_0110_AHJM5HAFX2	CG001Qv51Next024	DNA-17661-CG001Qv51Next024-16	8	chr7	55242465	GGAATTAAGAGAAGCA	G	0.125	-0.6573024	0.1
210121_NB551381_0110_AHJM5HAFX2	CG001Qv51Next024	DNA-17661-CG001Qv51Next024-16	8	chr7	55249012	C	CGGT	0.125	-0.6573024	0.1
210121_NB551381_0110_AHJM5HAFX2	CG001Qv51Next024	DNA-17661-CG001Qv51Next024-23	16	chr17	7579424	AG	A	0.125	-0.6573024	0.1
210121_NB551381_0110_AHJM5HAFX2	CG001Qv51Next024	DNA-17661-CG001Qv51Next024-23	16	chr17	7577557	AG	A	0.125	-0.6573024	0.1
210121_NB551381_0110_AHJM5HAFX2	CG001Qv51Next024	DNA-17661-CG001Qv51Next024-23	16	chr4	55141048	T	TA	0.125	-0.6573024	0.1
210121_NB551381_0110_AHJM5HAFX2	CG001Qv51Next024	DNA-17661-CG001Qv51Next024-23	16	chr17	37880981	A	AGCATACGTGATG	0.125	-0.6573024	0.1
210121_NB551381_0110_AHJM5HAFX2	CG001Qv51Next024	DNA-17661-CG001Qv51Next024-23	16	chr7	55242465	GGAATTAAGAGAAGCA	G	0.125	-0.6573024	0.1
210121_NB551381_0110_AHJM5HAFX2	CG001Qv51Next024	DNA-17661-CG001Qv51Next024-23	16	chr7	55249012	C	CGGT	0.125	-0.6573024	0.1
210121_NB551381_0110_AHJM5HAFX2	CG001Qv51Next024	DNA-17308-CG001Qv51Next024-10	4	chr17	7579424	AG	A	0	-0.7837388	0
210121_NB551381_0110_AHJM5HAFX2	CG001Qv51Next024	DNA-17308-CG001Qv51Next024-10	4	chr17	7577557	AG	A	0	-0.7837388	0
210121_NB551381_0110_AHJM5HAFX2	CG001Qv51Next024	DNA-17308-CG001Qv51Next024-10	4	chr4	55141048	T	TA	0	-0.7837388	0
210121_NB551381_0110_AHJM5HAFX2	CG001Qv51Next024	DNA-17308-CG001Qv51Next024-10	4	chr17	37880981	A	AGCATACGTGATG	0	-0.7837388	0
210121_NB551381_0110_AHJM5HAFX2	CG001Qv51Next024	DNA-17308-CG001Qv51Next024-10	4	chr7	55242465	GGAATTAAGAGAAGCA	G	0	-0.7837388	0
210121_NB551381_0110_AHJM5HAFX2	CG001Qv51Next024	DNA-17308-CG001Qv51Next024-10	4	chr7	55249012	C	CGGT	0	-0.7837388	0
210121_NB551381_0110_AHJM5HAFX2	CG001Qv51Next024	DNA-17308-CG001Qv51Next024-17	8	chr17	7579424	AG	A	0	-0.7837388	0
210121_NB551381_0110_AHJM5HAFX2	CG001Qv51Next024	DNA-17308-CG001Qv51Next024-17	8	chr17	7577557	AG	A	0	-0.7837388	0
210121_NB551381_0110_AHJM5HAFX2	CG001Qv51Next024	DNA-17308-CG001Qv51Next024-17	8	chr4	55141048	T	TA	0	-0.7837388	0
210121_NB551381_0110_AHJM5HAFX2	CG001Qv51Next024	DNA-17308-CG001Qv51Next024-17	8	chr17	37880981	A	AGCATACGTGATG	0	-0.7837388	0
210121_NB551381_0110_AHJM5HAFX2	CG001Qv51Next024	DNA-17308-CG001Qv51Next024-17	8	chr7	55242465	GGAATTAAGAGAAGCA	G	0	-0.7837388	0
210121_NB551381_0110_AHJM5HAFX2	CG001Qv51Next024	DNA-17308-CG001Qv51Next024-17	8	chr7	55249012	C	CGGT	0	-0.7837388	0
210121_NB551381_0110_AHJM5HAFX2	CG001Qv51Next024	DNA-17308-CG001Qv51Next024-24	16	chr17	7579424	AG	A	0	-0.7837388	0
210121_NB551381_0110_AHJM5HAFX2	CG001Qv51Next024	DNA-17308-CG001Qv51Next024-24	16	chr17	7577557	AG	A	0	-0.7837388	0
210121_NB551381_0110_AHJM5HAFX2	CG001Qv51Next024	DNA-17308-CG001Qv51Next024-24	16	chr4	55141048	T	TA	0	-0.7837388	0
210121_NB551381_0110_AHJM5HAFX2	CG001Qv51Next024	DNA-17308-CG001Qv51Next024-24	16	chr17	37880981	A	AGCATACGTGATG	0	-0.7837388	0
210121_NB551381_0110_AHJM5HAFX2	CG001Qv51Next024	DNA-17308-CG001Qv51Next024-24	16	chr7	55242465	GGAATTAAGAGAAGCA	G	0	-0.7837388	0
210121_NB551381_0110_AHJM5HAFX2	CG001Qv51Next024	DNA-17308-CG001Qv51Next024-24	16	chr7	55249012	C	CGGT	0	-0.7837388	0
210125_NB551381_0111_AHJLY3AFX2	CG001Qv51Next025	DNA-26010-CG001Qv51Next025-4	4	chr17	7579424	AG	A	1	0.2270145	0.79
210125_NB551381_0111_AHJLY3AFX2	CG001Qv51Next025	DNA-26010-CG001Qv51Next025-4	4	chr17	7577557	AG	A	1	0.2270145	0.79
210125_NB551381_0111_AHJLY3AFX2	CG001Qv51Next025	DNA-26010-CG001Qv51Next025-4	4	chr4	55141048	T	TA	1	0.2270145	0.79
210125_NB551381_0111_AHJLY3AFX2	CG001Qv51Next025	DNA-26010-CG001Qv51Next025-4	4	chr17	37880981	A	AGCATACGTGATG	1	0.2270145	0.79
210125_NB551381_0111_AHJLY3AFX2	CG001Qv51Next025	DNA-26010-CG001Qv51Next025-4	4	chr7	55242465	GGAATTAAGAGAAGCA	G	1	0.2270145	0.79
210125_NB551381_0111_AHJLY3AFX2	CG001Qv51Next025	DNA-26010-CG001Qv51Next025-4	4	chr7	55249012	C	CGGT	1	0.2270145	0.79
210125_NB551381_0111_AHJLY3AFX2	CG001Qv51Next025	DNA-26010-CG001Qv51Next025-11	8	chr17	7579424	AG	A	1	0.2270145	0.79
210125_NB551381_0111_AHJLY3AFX2	CG001Qv51Next025	DNA-26010-CG001Qv51Next025-11	8	chr17	7577557	AG	A	1	0.2270145	0.79
210125_NB551381_0111_AHJLY3AFX2	CG001Qv51Next025	DNA-26010-CG001Qv51Next025-11	8	chr4	55141048	T	TA	1	0.2270145	0.79
210125_NB551381_0111_AHJLY3AFX2	CG001Qv51Next025	DNA-26010-CG001Qv51Next025-11	8	chr17	37880981	A	AGCATACGTGATG	1	0.2270145	0.79
210125_NB551381_0111_AHJLY3AFX2	CG001Qv51Next025	DNA-26010-CG001Qv51Next025-11	8	chr7	55242465	GGAATTAAGAGAAGCA	G	1	0.2270145	0.79
210125_NB551381_0111_AHJLY3AFX2	CG001Qv51Next025	DNA-26010-CG001Qv51Next025-11	8	chr7	55249012	C	CGGT	1	0.2270145	0.79
210125_NB551381_0111_AHJLY3AFX2	CG001Qv51Next025	DNA-26010-CG001Qv51Next025-18	16	chr17	7579424	AG	A	1	0.2270145	0.79
210125_NB551381_0111_AHJLY3AFX2	CG001Qv51Next025	DNA-26010-CG001Qv51Next025-18	16	chr17	7577557	AG	A	1	0.2270145	0.79
210125_NB551381_0111_AHJLY3AFX2	CG001Qv51Next025	DNA-26010-CG001Qv51Next025-18	16	chr4	55141048	T	TA	1	0.2270145	0.79
210125_NB551381_0111_AHJLY3AFX2	CG001Qv51Next025	DNA-26010-CG001Qv51Next025-18	16	chr17	37880981	A	AGCATACGTGATG	1	0.2270145	0.79
210125_NB551381_0111_AHJLY3AFX2	CG001Qv51Next025	DNA-26010-CG001Qv51Next025-18	16	chr7	55242465	GGAATTAAGAGAAGCA	G	1	0.2270145	0.79
210125_NB551381_0111_AHJLY3AFX2	CG001Qv51Next025	DNA-26010-CG001Qv51Next025-18	16	chr7	55249012	C	CGGT	1	0.2270145	0.79
210125_NB551381_0111_AHJLY3AFX2	CG001Qv51Next025	DNA-26769-CG001Qv51Next025-5	4	chr17	7579424	AG	A	0.75	-0.02551548	0.5925
210125_NB551381_0111_AHJLY3AFX2	CG001Qv51Next025	DNA-26769-CG001Qv51Next025-5	4	chr17	7577557	AG	A	0.75	-0.02551548	0.5925
210125_NB551381_0111_AHJLY3AFX2	CG001Qv51Next025	DNA-26769-CG001Qv51Next025-5	4	chr4	55141048	T	TA	0.75	-0.02551548	0.5925
210125_NB551381_0111_AHJLY3AFX2	CG001Qv51Next025	DNA-26769-CG001Qv51Next025-5	4	chr17	37880981	A	AGCATACGTGATG	0.75	-0.02551548	0.5925
210125_NB551381_0111_AHJLY3AFX2	CG001Qv51Next025	DNA-26769-CG001Qv51Next025-5	4	chr7	55242465	GGAATTAAGAGAAGCA	G	0.75	-0.02551548	0.5925
210125_NB551381_0111_AHJLY3AFX2	CG001Qv51Next025	DNA-26769-CG001Qv51Next025-5	4	chr7	55249012	C	CGGT	0.75	-0.02551548	0.5925
210125_NB551381_0111_AHJLY3AFX2	CG001Qv51Next025	DNA-26769-CG001Qv51Next025-12	8	chr17	7579424	AG	A	0.75	-0.02551548	0.5925
210125_NB551381_0111_AHJLY3AFX2	CG001Qv51Next025	DNA-26769-CG001Qv51Next025-12	8	chr17	7577557	AG	A	0.75	-0.02551548	0.5925
210125_NB551381_0111_AHJLY3AFX2	CG001Qv51Next025	DNA-26769-CG001Qv51Next025-12	8	chr4	55141048	T	TA	0.75	-0.02551548	0.5925
210125_NB551381_0111_AHJLY3AFX2	CG001Qv51Next025	DNA-26769-CG001Qv51Next025-12	8	chr17	37880981	A	AGCATACGTGATG	0.75	-0.02551548	0.5925
210125_NB551381_0111_AHJLY3AFX2	CG001Qv51Next025	DNA-26769-CG001Qv51Next025-12	8	chr7	55242465	GGAATTAAGAGAAGCA	G	0.75	-0.02551548	0.5925
210125_NB551381_0111_AHJLY3AFX2	CG001Qv51Next025	DNA-26769-CG001Qv51Next025-12	8	chr7	55249012	C	CGGT	0.75	-0.02551548	0.5925
210125_NB551381_0111_AHJLY3AFX2	CG001Qv51Next025	DNA-26769-CG001Qv51Next025-19	16	chr17	7579424	AG	A	0.75	-0.02551548	0.5925
210125_NB551381_0111_AHJLY3AFX2	CG001Qv51Next025	DNA-26769-CG001Qv51Next025-19	16	chr17	7577557	AG	A	0.75	-0.02551548	0.5925
210125_NB551381_0111_AHJLY3AFX2	CG001Qv51Next025	DNA-26769-CG001Qv51Next025-19	16	chr4	55141048	T	TA	0.75	-0.02551548	0.5925
210125_NB551381_0111_AHJLY3AFX2	CG001Qv51Next025	DNA-26769-CG001Qv51Next025-19	16	chr17	37880981	A	AGCATACGTGATG	0.75	-0.02551548	0.5925
210125_NB551381_0111_AHJLY3AFX2	CG001Qv51Next025	DNA-26769-CG001Qv51Next025-19	16	chr7	55242465	GGAATTAAGAGAAGCA	G	0.75	-0.02551548	0.5925
210125_NB551381_0111_AHJLY3AFX2	CG001Qv51Next025	DNA-26769-CG001Qv51Next025-19	16	chr7	55249012	C	CGGT	0.75	-0.02551548	0.5925
210125_NB551381_0111_AHJLY3AFX2	CG001Qv51Next025	DNA-26013-CG001Qv51Next025-6	4	chr17	7579424	AG	A	0.5	-0.2781512	0.34
210125_NB551381_0111_AHJLY3AFX2	CG001Qv51Next025	DNA-26013-CG001Qv51Next025-6	4	chr17	7577557	AG	A	0.5	-0.2781512	0.34
210125_NB551381_0111_AHJLY3AFX2	CG001Qv51Next025	DNA-26013-CG001Qv51Next025-6	4	chr4	55141048	T	TA	0.5	-0.2781512	0.34
210125_NB551381_0111_AHJLY3AFX2	CG001Qv51Next025	DNA-26013-CG001Qv51Next025-6	4	chr17	37880981	A	AGCATACGTGATG	0.5	-0.2781512	0.34
210125_NB551381_0111_AHJLY3AFX2	CG001Qv51Next025	DNA-26013-CG001Qv51Next025-6	4	chr7	55242465	GGAATTAAGAGAAGCA	G	0.5	-0.2781512	0.34
210125_NB551381_0111_AHJLY3AFX2	CG001Qv51Next025	DNA-26013-CG001Qv51Next025-6	4	chr7	55249012	C	CGGT	0.5	-0.2781512	0.34
210125_NB551381_0111_AHJLY3AFX2	CG001Qv51Next025	DNA-26013-CG001Qv51Next025-13	8	chr17	7579424	AG	A	0.5	-0.2781512	0.34
210125_NB551381_0111_AHJLY3AFX2	CG001Qv51Next025	DNA-26013-CG001Qv51Next025-13	8	chr17	7577557	AG	A	0.5	-0.2781512	0.34
210125_NB551381_0111_AHJLY3AFX2	CG001Qv51Next025	DNA-26013-CG001Qv51Next025-13	8	chr4	55141048	T	TA	0.5	-0.2781512	0.34
210125_NB551381_0111_AHJLY3AFX2	CG001Qv51Next025	DNA-26013-CG001Qv51Next025-13	8	chr17	37880981	A	AGCATACGTGATG	0.5	-0.2781512	0.34
210125_NB551381_0111_AHJLY3AFX2	CG001Qv51Next025	DNA-26013-CG001Qv51Next025-13	8	chr7	55242465	GGAATTAAGAGAAGCA	G	0.5	-0.2781512	0.34
210125_NB551381_0111_AHJLY3AFX2	CG001Qv51Next025	DNA-26013-CG001Qv51Next025-13	8	chr7	55249012	C	CGGT	0.5	-0.2781512	0.34
210125_NB551381_0111_AHJLY3AFX2	CG001Qv51Next025	DNA-26013-CG001Qv51Next025-20	16	chr17	7579424	AG	A	0.5	-0.2781512	0.34
210125_NB551381_0111_AHJLY3AFX2	CG001Qv51Next025	DNA-26013-CG001Qv51Next025-20	16	chr17	7577557	AG	A	0.5	-0.2781512	0.34
210125_NB551381_0111_AHJLY3AFX2	CG001Qv51Next025	DNA-26013-CG001Qv51Next025-20	16	chr4	55141048	T	TA	0.5	-0.2781512	0.34
210125_NB551381_0111_AHJLY3AFX2	CG001Qv51Next025	DNA-26013-CG001Qv51Next025-20	16	chr17	37880981	A	AGCATACGTGATG	0.5	-0.2781512	0.34
210125_NB551381_0111_AHJLY3AFX2	CG001Qv51Next025	DNA-26013-CG001Qv51Next025-20	16	chr7	55242465	GGAATTAAGAGAAGCA	G	0.5	-0.2781512	0.34
210125_NB551381_0111_AHJLY3AFX2	CG001Qv51Next025	DNA-26013-CG001Qv51Next025-20	16	chr7	55249012	C	CGGT	0.5	-0.2781512	0.34
210125_NB551381_0111_AHJLY3AFX2	CG001Qv51Next025	DNA-26768-CG001Qv51Next025-7	4	chr17	7579424	AG	A	0.375	-0.4045086	0.29625
210125_NB551381_0111_AHJLY3AFX2	CG001Qv51Next025	DNA-26768-CG001Qv51Next025-7	4	chr17	7577557	AG	A	0.375	-0.4045086	0.29625
210125_NB551381_0111_AHJLY3AFX2	CG001Qv51Next025	DNA-26768-CG001Qv51Next025-7	4	chr4	55141048	T	TA	0.375	-0.4045086	0.29625
210125_NB551381_0111_AHJLY3AFX2	CG001Qv51Next025	DNA-26768-CG001Qv51Next025-7	4	chr17	37880981	A	AGCATACGTGATG	0.375	-0.4045086	0.29625
210125_NB551381_0111_AHJLY3AFX2	CG001Qv51Next025	DNA-26768-CG001Qv51Next025-7	4	chr7	55242465	GGAATTAAGAGAAGCA	G	0.375	-0.4045086	0.29625
210125_NB551381_0111_AHJLY3AFX2	CG001Qv51Next025	DNA-26768-CG001Qv51Next025-7	4	chr7	55249012	C	CGGT	0.375	-0.4045086	0.29625
210125_NB551381_0111_AHJLY3AFX2	CG001Qv51Next025	DNA-26768-CG001Qv51Next025-14	8	chr17	7579424	AG	A	0.375	-0.4045086	0.29625
210125_NB551381_0111_AHJLY3AFX2	CG001Qv51Next025	DNA-26768-CG001Qv51Next025-14	8	chr17	7577557	AG	A	0.375	-0.4045086	0.29625
210125_NB551381_0111_AHJLY3AFX2	CG001Qv51Next025	DNA-26768-CG001Qv51Next025-14	8	chr4	55141048	T	TA	0.375	-0.4045086	0.29625
210125_NB551381_0111_AHJLY3AFX2	CG001Qv51Next025	DNA-26768-CG001Qv51Next025-14	8	chr17	37880981	A	AGCATACGTGATG	0.375	-0.4045086	0.29625
210125_NB551381_0111_AHJLY3AFX2	CG001Qv51Next025	DNA-26768-CG001Qv51Next025-14	8	chr7	55242465	GGAATTAAGAGAAGCA	G	0.375	-0.4045086	0.29625
210125_NB551381_0111_AHJLY3AFX2	CG001Qv51Next025	DNA-26768-CG001Qv51Next025-14	8	chr7	55249012	C	CGGT	0.375	-0.4045086	0.29625
210125_NB551381_0111_AHJLY3AFX2	CG001Qv51Next025	DNA-26768-CG001Qv51Next025-21	16	chr17	7579424	AG	A	0.375	-0.4045086	0.29625
210125_NB551381_0111_AHJLY3AFX2	CG001Qv51Next025	DNA-26768-CG001Qv51Next025-21	16	chr17	7577557	AG	A	0.375	-0.4045086	0.29625
210125_NB551381_0111_AHJLY3AFX2	CG001Qv51Next025	DNA-26768-CG001Qv51Next025-21	16	chr4	55141048	T	TA	0.375	-0.4045086	0.29625
210125_NB551381_0111_AHJLY3AFX2	CG001Qv51Next025	DNA-26768-CG001Qv51Next025-21	16	chr17	37880981	A	AGCATACGTGATG	0.375	-0.4045086	0.29625
210125_NB551381_0111_AHJLY3AFX2	CG001Qv51Next025	DNA-26768-CG001Qv51Next025-21	16	chr7	55242465	GGAATTAAGAGAAGCA	G	0.375	-0.4045086	0.29625
210125_NB551381_0111_AHJLY3AFX2	CG001Qv51Next025	DNA-26768-CG001Qv51Next025-21	16	chr7	55249012	C	CGGT	0.375	-0.4045086	0.29625
210125_NB551381_0111_AHJLY3AFX2	CG001Qv51Next025	DNA-26770-CG001Qv51Next025-8	4	chr17	7579424	AG	A	0.25	-0.5308924	0.085
210125_NB551381_0111_AHJLY3AFX2	CG001Qv51Next025	DNA-26770-CG001Qv51Next025-8	4	chr17	7577557	AG	A	0.25	-0.5308924	0.085
210125_NB551381_0111_AHJLY3AFX2	CG001Qv51Next025	DNA-26770-CG001Qv51Next025-8	4	chr4	55141048	T	TA	0.25	-0.5308924	0.085
210125_NB551381_0111_AHJLY3AFX2	CG001Qv51Next025	DNA-26770-CG001Qv51Next025-8	4	chr17	37880981	A	AGCATACGTGATG	0.25	-0.5308924	0.085
210125_NB551381_0111_AHJLY3AFX2	CG001Qv51Next025	DNA-26770-CG001Qv51Next025-8	4	chr7	55242465	GGAATTAAGAGAAGCA	G	0.25	-0.5308924	0.085
210125_NB551381_0111_AHJLY3AFX2	CG001Qv51Next025	DNA-26770-CG001Qv51Next025-8	4	chr7	55249012	C	CGGT	0.25	-0.5308924	0.085
210125_NB551381_0111_AHJLY3AFX2	CG001Qv51Next025	DNA-26770-CG001Qv51Next025-15	8	chr17	7579424	AG	A	0.25	-0.5308924	0.085
210125_NB551381_0111_AHJLY3AFX2	CG001Qv51Next025	DNA-26770-CG001Qv51Next025-15	8	chr17	7577557	AG	A	0.25	-0.5308924	0.085
210125_NB551381_0111_AHJLY3AFX2	CG001Qv51Next025	DNA-26770-CG001Qv51Next025-15	8	chr4	55141048	T	TA	0.25	-0.5308924	0.085
210125_NB551381_0111_AHJLY3AFX2	CG001Qv51Next025	DNA-26770-CG001Qv51Next025-15	8	chr17	37880981	A	AGCATACGTGATG	0.25	-0.5308924	0.085
210125_NB551381_0111_AHJLY3AFX2	CG001Qv51Next025	DNA-26770-CG001Qv51Next025-15	8	chr7	55242465	GGAATTAAGAGAAGCA	G	0.25	-0.5308924	0.085
210125_NB551381_0111_AHJLY3AFX2	CG001Qv51Next025	DNA-26770-CG001Qv51Next025-15	8	chr7	55249012	C	CGGT	0.25	-0.5308924	0.085
210125_NB551381_0111_AHJLY3AFX2	CG001Qv51Next025	DNA-26770-CG001Qv51Next025-22	16	chr17	7579424	AG	A	0.25	-0.5308924	0.085
210125_NB551381_0111_AHJLY3AFX2	CG001Qv51Next025	DNA-26770-CG001Qv51Next025-22	16	chr17	7577557	AG	A	0.25	-0.5308924	0.085
210125_NB551381_0111_AHJLY3AFX2	CG001Qv51Next025	DNA-26770-CG001Qv51Next025-22	16	chr4	55141048	T	TA	0.25	-0.5308924	0.085
210125_NB551381_0111_AHJLY3AFX2	CG001Qv51Next025	DNA-26770-CG001Qv51Next025-22	16	chr17	37880981	A	AGCATACGTGATG	0.25	-0.5308924	0.085
210125_NB551381_0111_AHJLY3AFX2	CG001Qv51Next025	DNA-26770-CG001Qv51Next025-22	16	chr7	55242465	GGAATTAAGAGAAGCA	G	0.25	-0.5308924	0.085
210125_NB551381_0111_AHJLY3AFX2	CG001Qv51Next025	DNA-26770-CG001Qv51Next025-22	16	chr7	55249012	C	CGGT	0.25	-0.5308924	0.085
210125_NB551381_0111_AHJLY3AFX2	CG001Qv51Next025	DNA-17661-CG001Qv51Next025-9	4	chr17	7579424	AG	A	0.125	-0.6573024	0.1
210125_NB551381_0111_AHJLY3AFX2	CG001Qv51Next025	DNA-17661-CG001Qv51Next025-9	4	chr17	7577557	AG	A	0.125	-0.6573024	0.1
210125_NB551381_0111_AHJLY3AFX2	CG001Qv51Next025	DNA-17661-CG001Qv51Next025-9	4	chr4	55141048	T	TA	0.125	-0.6573024	0.1
210125_NB551381_0111_AHJLY3AFX2	CG001Qv51Next025	DNA-17661-CG001Qv51Next025-9	4	chr17	37880981	A	AGCATACGTGATG	0.125	-0.6573024	0.1
210125_NB551381_0111_AHJLY3AFX2	CG001Qv51Next025	DNA-17661-CG001Qv51Next025-9	4	chr7	55242465	GGAATTAAGAGAAGCA	G	0.125	-0.6573024	0.1
210125_NB551381_0111_AHJLY3AFX2	CG001Qv51Next025	DNA-17661-CG001Qv51Next025-9	4	chr7	55249012	C	CGGT	0.125	-0.6573024	0.1
210125_NB551381_0111_AHJLY3AFX2	CG001Qv51Next025	DNA-17661-CG001Qv51Next025-16	8	chr17	7579424	AG	A	0.125	-0.6573024	0.1
210125_NB551381_0111_AHJLY3AFX2	CG001Qv51Next025	DNA-17661-CG001Qv51Next025-16	8	chr17	7577557	AG	A	0.125	-0.6573024	0.1
210125_NB551381_0111_AHJLY3AFX2	CG001Qv51Next025	DNA-17661-CG001Qv51Next025-16	8	chr4	55141048	T	TA	0.125	-0.6573024	0.1
210125_NB551381_0111_AHJLY3AFX2	CG001Qv51Next025	DNA-17661-CG001Qv51Next025-16	8	chr17	37880981	A	AGCATACGTGATG	0.125	-0.6573024	0.1
210125_NB551381_0111_AHJLY3AFX2	CG001Qv51Next025	DNA-17661-CG001Qv51Next025-16	8	chr7	55242465	GGAATTAAGAGAAGCA	G	0.125	-0.6573024	0.1
210125_NB551381_0111_AHJLY3AFX2	CG001Qv51Next025	DNA-17661-CG001Qv51Next025-16	8	chr7	55249012	C	CGGT	0.125	-0.6573024	0.1
210125_NB551381_0111_AHJLY3AFX2	CG001Qv51Next025	DNA-17661-CG001Qv51Next025-23	16	chr17	7579424	AG	A	0.125	-0.6573024	0.1
210125_NB551381_0111_AHJLY3AFX2	CG001Qv51Next025	DNA-17661-CG001Qv51Next025-23	16	chr17	7577557	AG	A	0.125	-0.6573024	0.1
210125_NB551381_0111_AHJLY3AFX2	CG001Qv51Next025	DNA-17661-CG001Qv51Next025-23	16	chr4	55141048	T	TA	0.125	-0.6573024	0.1
210125_NB551381_0111_AHJLY3AFX2	CG001Qv51Next025	DNA-17661-CG001Qv51Next025-23	16	chr17	37880981	A	AGCATACGTGATG	0.125	-0.6573024	0.1
210125_NB551381_0111_AHJLY3AFX2	CG001Qv51Next025	DNA-17661-CG001Qv51Next025-23	16	chr7	55242465	GGAATTAAGAGAAGCA	G	0.125	-0.6573024	0.1
210125_NB551381_0111_AHJLY3AFX2	CG001Qv51Next025	DNA-17661-CG001Qv51Next025-23	16	chr7	55249012	C	CGGT	0.125	-0.6573024	0.1
210125_NB551381_0111_AHJLY3AFX2	CG001Qv51Next025	DNA-17309-CG001Qv51Next025-10	4	chr17	7579424	AG	A	0	-0.7837388	0
210125_NB551381_0111_AHJLY3AFX2	CG001Qv51Next025	DNA-17309-CG001Qv51Next025-10	4	chr17	7577557	AG	A	0	-0.7837388	0
210125_NB551381_0111_AHJLY3AFX2	CG001Qv51Next025	DNA-17309-CG001Qv51Next025-10	4	chr4	55141048	T	TA	0	-0.7837388	0
210125_NB551381_0111_AHJLY3AFX2	CG001Qv51Next025	DNA-17309-CG001Qv51Next025-10	4	chr17	37880981	A	AGCATACGTGATG	0	-0.7837388	0
210125_NB551381_0111_AHJLY3AFX2	CG001Qv51Next025	DNA-17309-CG001Qv51Next025-10	4	chr7	55242465	GGAATTAAGAGAAGCA	G	0	-0.7837388	0
210125_NB551381_0111_AHJLY3AFX2	CG001Qv51Next025	DNA-17309-CG001Qv51Next025-10	4	chr7	55249012	C	CGGT	0	-0.7837388	0
210125_NB551381_0111_AHJLY3AFX2	CG001Qv51Next025	DNA-17309-CG001Qv51Next025-17	8	chr17	7579424	AG	A	0	-0.7837388	0
210125_NB551381_0111_AHJLY3AFX2	CG001Qv51Next025	DNA-17309-CG001Qv51Next025-17	8	chr17	7577557	AG	A	0	-0.7837388	0
210125_NB551381_0111_AHJLY3AFX2	CG001Qv51Next025	DNA-17309-CG001Qv51Next025-17	8	chr4	55141048	T	TA	0	-0.7837388	0
210125_NB551381_0111_AHJLY3AFX2	CG001Qv51Next025	DNA-17309-CG001Qv51Next025-17	8	chr17	37880981	A	AGCATACGTGATG	0	-0.7837388	0
210125_NB551381_0111_AHJLY3AFX2	CG001Qv51Next025	DNA-17309-CG001Qv51Next025-17	8	chr7	55242465	GGAATTAAGAGAAGCA	G	0	-0.7837388	0
210125_NB551381_0111_AHJLY3AFX2	CG001Qv51Next025	DNA-17309-CG001Qv51Next025-17	8	chr7	55249012	C	CGGT	0	-0.7837388	0
210125_NB551381_0111_AHJLY3AFX2	CG001Qv51Next025	DNA-17309-CG001Qv51Next025-24	16	chr17	7579424	AG	A	0	-0.7837388	0
210125_NB551381_0111_AHJLY3AFX2	CG001Qv51Next025	DNA-17309-CG001Qv51Next025-24	16	chr17	7577557	AG	A	0	-0.7837388	0
210125_NB551381_0111_AHJLY3AFX2	CG001Qv51Next025	DNA-17309-CG001Qv51Next025-24	16	chr4	55141048	T	TA	0	-0.7837388	0
210125_NB551381_0111_AHJLY3AFX2	CG001Qv51Next025	DNA-17309-CG001Qv51Next025-24	16	chr17	37880981	A	AGCATACGTGATG	0	-0.7837388	0
210125_NB551381_0111_AHJLY3AFX2	CG001Qv51Next025	DNA-17309-CG001Qv51Next025-24	16	chr7	55242465	GGAATTAAGAGAAGCA	G	0	-0.7837388	0
210125_NB551381_0111_AHJLY3AFX2	CG001Qv51Next025	DNA-17309-CG001Qv51Next025-24	16	chr7	55249012	C	CGGT	0	-0.7837388	0
210129_NB551381_0114_AHKFMWAFX2	CG001Qv51Next026	DNA-26011-CG001Qv51Next026-4	4	chr17	7579424	AG	A	1	0.2270145	0.79
210129_NB551381_0114_AHKFMWAFX2	CG001Qv51Next026	DNA-26011-CG001Qv51Next026-4	4	chr17	7577557	AG	A	1	0.2270145	0.79
210129_NB551381_0114_AHKFMWAFX2	CG001Qv51Next026	DNA-26011-CG001Qv51Next026-4	4	chr4	55141048	T	TA	1	0.2270145	0.79
210129_NB551381_0114_AHKFMWAFX2	CG001Qv51Next026	DNA-26011-CG001Qv51Next026-4	4	chr17	37880981	A	AGCATACGTGATG	1	0.2270145	0.79
210129_NB551381_0114_AHKFMWAFX2	CG001Qv51Next026	DNA-26011-CG001Qv51Next026-4	4	chr7	55242465	GGAATTAAGAGAAGCA	G	1	0.2270145	0.79
210129_NB551381_0114_AHKFMWAFX2	CG001Qv51Next026	DNA-26011-CG001Qv51Next026-4	4	chr7	55249012	C	CGGT	1	0.2270145	0.79
210129_NB551381_0114_AHKFMWAFX2	CG001Qv51Next026	DNA-26011-CG001Qv51Next026-11	8	chr17	7579424	AG	A	1	0.2270145	0.79
210129_NB551381_0114_AHKFMWAFX2	CG001Qv51Next026	DNA-26011-CG001Qv51Next026-11	8	chr17	7577557	AG	A	1	0.2270145	0.79
210129_NB551381_0114_AHKFMWAFX2	CG001Qv51Next026	DNA-26011-CG001Qv51Next026-11	8	chr4	55141048	T	TA	1	0.2270145	0.79
210129_NB551381_0114_AHKFMWAFX2	CG001Qv51Next026	DNA-26011-CG001Qv51Next026-11	8	chr17	37880981	A	AGCATACGTGATG	1	0.2270145	0.79
210129_NB551381_0114_AHKFMWAFX2	CG001Qv51Next026	DNA-26011-CG001Qv51Next026-11	8	chr7	55242465	GGAATTAAGAGAAGCA	G	1	0.2270145	0.79
210129_NB551381_0114_AHKFMWAFX2	CG001Qv51Next026	DNA-26011-CG001Qv51Next026-11	8	chr7	55249012	C	CGGT	1	0.2270145	0.79
210129_NB551381_0114_AHKFMWAFX2	CG001Qv51Next026	DNA-26011-CG001Qv51Next026-18	16	chr17	7579424	AG	A	1	0.2270145	0.79
210129_NB551381_0114_AHKFMWAFX2	CG001Qv51Next026	DNA-26011-CG001Qv51Next026-18	16	chr17	7577557	AG	A	1	0.2270145	0.79
210129_NB551381_0114_AHKFMWAFX2	CG001Qv51Next026	DNA-26011-CG001Qv51Next026-18	16	chr4	55141048	T	TA	1	0.2270145	0.79
210129_NB551381_0114_AHKFMWAFX2	CG001Qv51Next026	DNA-26011-CG001Qv51Next026-18	16	chr17	37880981	A	AGCATACGTGATG	1	0.2270145	0.79
210129_NB551381_0114_AHKFMWAFX2	CG001Qv51Next026	DNA-26011-CG001Qv51Next026-18	16	chr7	55242465	GGAATTAAGAGAAGCA	G	1	0.2270145	0.79
210129_NB551381_0114_AHKFMWAFX2	CG001Qv51Next026	DNA-26011-CG001Qv51Next026-18	16	chr7	55249012	C	CGGT	1	0.2270145	0.79
210129_NB551381_0114_AHKFMWAFX2	CG001Qv51Next026	DNA-27058-CG001Qv51Next026-5	4	chr17	7579424	AG	A	0.75	-0.02551548	0.5925
210129_NB551381_0114_AHKFMWAFX2	CG001Qv51Next026	DNA-27058-CG001Qv51Next026-5	4	chr17	7577557	AG	A	0.75	-0.02551548	0.5925
210129_NB551381_0114_AHKFMWAFX2	CG001Qv51Next026	DNA-27058-CG001Qv51Next026-5	4	chr4	55141048	T	TA	0.75	-0.02551548	0.5925
210129_NB551381_0114_AHKFMWAFX2	CG001Qv51Next026	DNA-27058-CG001Qv51Next026-5	4	chr17	37880981	A	AGCATACGTGATG	0.75	-0.02551548	0.5925
210129_NB551381_0114_AHKFMWAFX2	CG001Qv51Next026	DNA-27058-CG001Qv51Next026-5	4	chr7	55242465	GGAATTAAGAGAAGCA	G	0.75	-0.02551548	0.5925
210129_NB551381_0114_AHKFMWAFX2	CG001Qv51Next026	DNA-27058-CG001Qv51Next026-5	4	chr7	55249012	C	CGGT	0.75	-0.02551548	0.5925
210129_NB551381_0114_AHKFMWAFX2	CG001Qv51Next026	DNA-27058-CG001Qv51Next026-12	8	chr17	7579424	AG	A	0.75	-0.02551548	0.5925
210129_NB551381_0114_AHKFMWAFX2	CG001Qv51Next026	DNA-27058-CG001Qv51Next026-12	8	chr17	7577557	AG	A	0.75	-0.02551548	0.5925
210129_NB551381_0114_AHKFMWAFX2	CG001Qv51Next026	DNA-27058-CG001Qv51Next026-12	8	chr4	55141048	T	TA	0.75	-0.02551548	0.5925
210129_NB551381_0114_AHKFMWAFX2	CG001Qv51Next026	DNA-27058-CG001Qv51Next026-12	8	chr17	37880981	A	AGCATACGTGATG	0.75	-0.02551548	0.5925
210129_NB551381_0114_AHKFMWAFX2	CG001Qv51Next026	DNA-27058-CG001Qv51Next026-12	8	chr7	55242465	GGAATTAAGAGAAGCA	G	0.75	-0.02551548	0.5925
210129_NB551381_0114_AHKFMWAFX2	CG001Qv51Next026	DNA-27058-CG001Qv51Next026-12	8	chr7	55249012	C	CGGT	0.75	-0.02551548	0.5925
210129_NB551381_0114_AHKFMWAFX2	CG001Qv51Next026	DNA-27058-CG001Qv51Next026-19	16	chr17	7579424	AG	A	0.75	-0.02551548	0.5925
210129_NB551381_0114_AHKFMWAFX2	CG001Qv51Next026	DNA-27058-CG001Qv51Next026-19	16	chr17	7577557	AG	A	0.75	-0.02551548	0.5925
210129_NB551381_0114_AHKFMWAFX2	CG001Qv51Next026	DNA-27058-CG001Qv51Next026-19	16	chr4	55141048	T	TA	0.75	-0.02551548	0.5925
210129_NB551381_0114_AHKFMWAFX2	CG001Qv51Next026	DNA-27058-CG001Qv51Next026-19	16	chr17	37880981	A	AGCATACGTGATG	0.75	-0.02551548	0.5925
210129_NB551381_0114_AHKFMWAFX2	CG001Qv51Next026	DNA-27058-CG001Qv51Next026-19	16	chr7	55242465	GGAATTAAGAGAAGCA	G	0.75	-0.02551548	0.5925
210129_NB551381_0114_AHKFMWAFX2	CG001Qv51Next026	DNA-27058-CG001Qv51Next026-19	16	chr7	55249012	C	CGGT	0.75	-0.02551548	0.5925
210129_NB551381_0114_AHKFMWAFX2	CG001Qv51Next026	DNA-26013-CG001Qv51Next026-6	4	chr17	7579424	AG	A	0.5	-0.2781512	0.34
210129_NB551381_0114_AHKFMWAFX2	CG001Qv51Next026	DNA-26013-CG001Qv51Next026-6	4	chr17	7577557	AG	A	0.5	-0.2781512	0.34
210129_NB551381_0114_AHKFMWAFX2	CG001Qv51Next026	DNA-26013-CG001Qv51Next026-6	4	chr4	55141048	T	TA	0.5	-0.2781512	0.34
210129_NB551381_0114_AHKFMWAFX2	CG001Qv51Next026	DNA-26013-CG001Qv51Next026-6	4	chr17	37880981	A	AGCATACGTGATG	0.5	-0.2781512	0.34
210129_NB551381_0114_AHKFMWAFX2	CG001Qv51Next026	DNA-26013-CG001Qv51Next026-6	4	chr7	55242465	GGAATTAAGAGAAGCA	G	0.5	-0.2781512	0.34
210129_NB551381_0114_AHKFMWAFX2	CG001Qv51Next026	DNA-26013-CG001Qv51Next026-6	4	chr7	55249012	C	CGGT	0.5	-0.2781512	0.34
210129_NB551381_0114_AHKFMWAFX2	CG001Qv51Next026	DNA-26013-CG001Qv51Next026-13	8	chr17	7579424	AG	A	0.5	-0.2781512	0.34
210129_NB551381_0114_AHKFMWAFX2	CG001Qv51Next026	DNA-26013-CG001Qv51Next026-13	8	chr17	7577557	AG	A	0.5	-0.2781512	0.34
210129_NB551381_0114_AHKFMWAFX2	CG001Qv51Next026	DNA-26013-CG001Qv51Next026-13	8	chr4	55141048	T	TA	0.5	-0.2781512	0.34
210129_NB551381_0114_AHKFMWAFX2	CG001Qv51Next026	DNA-26013-CG001Qv51Next026-13	8	chr17	37880981	A	AGCATACGTGATG	0.5	-0.2781512	0.34
210129_NB551381_0114_AHKFMWAFX2	CG001Qv51Next026	DNA-26013-CG001Qv51Next026-13	8	chr7	55242465	GGAATTAAGAGAAGCA	G	0.5	-0.2781512	0.34
210129_NB551381_0114_AHKFMWAFX2	CG001Qv51Next026	DNA-26013-CG001Qv51Next026-13	8	chr7	55249012	C	CGGT	0.5	-0.2781512	0.34
210129_NB551381_0114_AHKFMWAFX2	CG001Qv51Next026	DNA-26013-CG001Qv51Next026-20	16	chr17	7579424	AG	A	0.5	-0.2781512	0.34
210129_NB551381_0114_AHKFMWAFX2	CG001Qv51Next026	DNA-26013-CG001Qv51Next026-20	16	chr17	7577557	AG	A	0.5	-0.2781512	0.34
210129_NB551381_0114_AHKFMWAFX2	CG001Qv51Next026	DNA-26013-CG001Qv51Next026-20	16	chr4	55141048	T	TA	0.5	-0.2781512	0.34
210129_NB551381_0114_AHKFMWAFX2	CG001Qv51Next026	DNA-26013-CG001Qv51Next026-20	16	chr17	37880981	A	AGCATACGTGATG	0.5	-0.2781512	0.34
210129_NB551381_0114_AHKFMWAFX2	CG001Qv51Next026	DNA-26013-CG001Qv51Next026-20	16	chr7	55242465	GGAATTAAGAGAAGCA	G	0.5	-0.2781512	0.34
210129_NB551381_0114_AHKFMWAFX2	CG001Qv51Next026	DNA-26013-CG001Qv51Next026-20	16	chr7	55249012	C	CGGT	0.5	-0.2781512	0.34
210129_NB551381_0114_AHKFMWAFX2	CG001Qv51Next026	DNA-27059-CG001Qv51Next026-7	4	chr17	7579424	AG	A	0.375	-0.4045086	0.29625
210129_NB551381_0114_AHKFMWAFX2	CG001Qv51Next026	DNA-27059-CG001Qv51Next026-7	4	chr17	7577557	AG	A	0.375	-0.4045086	0.29625
210129_NB551381_0114_AHKFMWAFX2	CG001Qv51Next026	DNA-27059-CG001Qv51Next026-7	4	chr4	55141048	T	TA	0.375	-0.4045086	0.29625
210129_NB551381_0114_AHKFMWAFX2	CG001Qv51Next026	DNA-27059-CG001Qv51Next026-7	4	chr17	37880981	A	AGCATACGTGATG	0.375	-0.4045086	0.29625
210129_NB551381_0114_AHKFMWAFX2	CG001Qv51Next026	DNA-27059-CG001Qv51Next026-7	4	chr7	55242465	GGAATTAAGAGAAGCA	G	0.375	-0.4045086	0.29625
210129_NB551381_0114_AHKFMWAFX2	CG001Qv51Next026	DNA-27059-CG001Qv51Next026-7	4	chr7	55249012	C	CGGT	0.375	-0.4045086	0.29625
210129_NB551381_0114_AHKFMWAFX2	CG001Qv51Next026	DNA-27059-CG001Qv51Next026-14	8	chr17	7579424	AG	A	0.375	-0.4045086	0.29625
210129_NB551381_0114_AHKFMWAFX2	CG001Qv51Next026	DNA-27059-CG001Qv51Next026-14	8	chr17	7577557	AG	A	0.375	-0.4045086	0.29625
210129_NB551381_0114_AHKFMWAFX2	CG001Qv51Next026	DNA-27059-CG001Qv51Next026-14	8	chr4	55141048	T	TA	0.375	-0.4045086	0.29625
210129_NB551381_0114_AHKFMWAFX2	CG001Qv51Next026	DNA-27059-CG001Qv51Next026-14	8	chr17	37880981	A	AGCATACGTGATG	0.375	-0.4045086	0.29625
210129_NB551381_0114_AHKFMWAFX2	CG001Qv51Next026	DNA-27059-CG001Qv51Next026-14	8	chr7	55242465	GGAATTAAGAGAAGCA	G	0.375	-0.4045086	0.29625
210129_NB551381_0114_AHKFMWAFX2	CG001Qv51Next026	DNA-27059-CG001Qv51Next026-14	8	chr7	55249012	C	CGGT	0.375	-0.4045086	0.29625
210129_NB551381_0114_AHKFMWAFX2	CG001Qv51Next026	DNA-27059-CG001Qv51Next026-21	16	chr17	7579424	AG	A	0.375	-0.4045086	0.29625
210129_NB551381_0114_AHKFMWAFX2	CG001Qv51Next026	DNA-27059-CG001Qv51Next026-21	16	chr17	7577557	AG	A	0.375	-0.4045086	0.29625
210129_NB551381_0114_AHKFMWAFX2	CG001Qv51Next026	DNA-27059-CG001Qv51Next026-21	16	chr4	55141048	T	TA	0.375	-0.4045086	0.29625
210129_NB551381_0114_AHKFMWAFX2	CG001Qv51Next026	DNA-27059-CG001Qv51Next026-21	16	chr17	37880981	A	AGCATACGTGATG	0.375	-0.4045086	0.29625
210129_NB551381_0114_AHKFMWAFX2	CG001Qv51Next026	DNA-27059-CG001Qv51Next026-21	16	chr7	55242465	GGAATTAAGAGAAGCA	G	0.375	-0.4045086	0.29625
210129_NB551381_0114_AHKFMWAFX2	CG001Qv51Next026	DNA-27059-CG001Qv51Next026-21	16	chr7	55249012	C	CGGT	0.375	-0.4045086	0.29625
210129_NB551381_0114_AHKFMWAFX2	CG001Qv51Next026	DNA-27060-CG001Qv51Next026-8	4	chr17	7579424	AG	A	0.25	-0.5308924	0.085
210129_NB551381_0114_AHKFMWAFX2	CG001Qv51Next026	DNA-27060-CG001Qv51Next026-8	4	chr17	7577557	AG	A	0.25	-0.5308924	0.085
210129_NB551381_0114_AHKFMWAFX2	CG001Qv51Next026	DNA-27060-CG001Qv51Next026-8	4	chr4	55141048	T	TA	0.25	-0.5308924	0.085
210129_NB551381_0114_AHKFMWAFX2	CG001Qv51Next026	DNA-27060-CG001Qv51Next026-8	4	chr17	37880981	A	AGCATACGTGATG	0.25	-0.5308924	0.085
210129_NB551381_0114_AHKFMWAFX2	CG001Qv51Next026	DNA-27060-CG001Qv51Next026-8	4	chr7	55242465	GGAATTAAGAGAAGCA	G	0.25	-0.5308924	0.085
210129_NB551381_0114_AHKFMWAFX2	CG001Qv51Next026	DNA-27060-CG001Qv51Next026-8	4	chr7	55249012	C	CGGT	0.25	-0.5308924	0.085
210129_NB551381_0114_AHKFMWAFX2	CG001Qv51Next026	DNA-27060-CG001Qv51Next026-15	8	chr17	7579424	AG	A	0.25	-0.5308924	0.085
210129_NB551381_0114_AHKFMWAFX2	CG001Qv51Next026	DNA-27060-CG001Qv51Next026-15	8	chr17	7577557	AG	A	0.25	-0.5308924	0.085
210129_NB551381_0114_AHKFMWAFX2	CG001Qv51Next026	DNA-27060-CG001Qv51Next026-15	8	chr4	55141048	T	TA	0.25	-0.5308924	0.085
210129_NB551381_0114_AHKFMWAFX2	CG001Qv51Next026	DNA-27060-CG001Qv51Next026-15	8	chr17	37880981	A	AGCATACGTGATG	0.25	-0.5308924	0.085
210129_NB551381_0114_AHKFMWAFX2	CG001Qv51Next026	DNA-27060-CG001Qv51Next026-15	8	chr7	55242465	GGAATTAAGAGAAGCA	G	0.25	-0.5308924	0.085
210129_NB551381_0114_AHKFMWAFX2	CG001Qv51Next026	DNA-27060-CG001Qv51Next026-15	8	chr7	55249012	C	CGGT	0.25	-0.5308924	0.085
210129_NB551381_0114_AHKFMWAFX2	CG001Qv51Next026	DNA-27060-CG001Qv51Next026-22	16	chr17	7579424	AG	A	0.25	-0.5308924	0.085
210129_NB551381_0114_AHKFMWAFX2	CG001Qv51Next026	DNA-27060-CG001Qv51Next026-22	16	chr17	7577557	AG	A	0.25	-0.5308924	0.085
210129_NB551381_0114_AHKFMWAFX2	CG001Qv51Next026	DNA-27060-CG001Qv51Next026-22	16	chr4	55141048	T	TA	0.25	-0.5308924	0.085
210129_NB551381_0114_AHKFMWAFX2	CG001Qv51Next026	DNA-27060-CG001Qv51Next026-22	16	chr17	37880981	A	AGCATACGTGATG	0.25	-0.5308924	0.085
210129_NB551381_0114_AHKFMWAFX2	CG001Qv51Next026	DNA-27060-CG001Qv51Next026-22	16	chr7	55242465	GGAATTAAGAGAAGCA	G	0.25	-0.5308924	0.085
210129_NB551381_0114_AHKFMWAFX2	CG001Qv51Next026	DNA-27060-CG001Qv51Next026-22	16	chr7	55249012	C	CGGT	0.25	-0.5308924	0.085
210129_NB551381_0114_AHKFMWAFX2	CG001Qv51Next026	DNA-17661-CG001Qv51Next026-9	4	chr17	7579424	AG	A	0.125	-0.6573024	0.1
210129_NB551381_0114_AHKFMWAFX2	CG001Qv51Next026	DNA-17661-CG001Qv51Next026-9	4	chr17	7577557	AG	A	0.125	-0.6573024	0.1
210129_NB551381_0114_AHKFMWAFX2	CG001Qv51Next026	DNA-17661-CG001Qv51Next026-9	4	chr4	55141048	T	TA	0.125	-0.6573024	0.1
210129_NB551381_0114_AHKFMWAFX2	CG001Qv51Next026	DNA-17661-CG001Qv51Next026-9	4	chr17	37880981	A	AGCATACGTGATG	0.125	-0.6573024	0.1
210129_NB551381_0114_AHKFMWAFX2	CG001Qv51Next026	DNA-17661-CG001Qv51Next026-9	4	chr7	55242465	GGAATTAAGAGAAGCA	G	0.125	-0.6573024	0.1
210129_NB551381_0114_AHKFMWAFX2	CG001Qv51Next026	DNA-17661-CG001Qv51Next026-9	4	chr7	55249012	C	CGGT	0.125	-0.6573024	0.1
210129_NB551381_0114_AHKFMWAFX2	CG001Qv51Next026	DNA-17661-CG001Qv51Next026-16	8	chr17	7579424	AG	A	0.125	-0.6573024	0.1
210129_NB551381_0114_AHKFMWAFX2	CG001Qv51Next026	DNA-17661-CG001Qv51Next026-16	8	chr17	7577557	AG	A	0.125	-0.6573024	0.1
210129_NB551381_0114_AHKFMWAFX2	CG001Qv51Next026	DNA-17661-CG001Qv51Next026-16	8	chr4	55141048	T	TA	0.125	-0.6573024	0.1
210129_NB551381_0114_AHKFMWAFX2	CG001Qv51Next026	DNA-17661-CG001Qv51Next026-16	8	chr17	37880981	A	AGCATACGTGATG	0.125	-0.6573024	0.1
210129_NB551381_0114_AHKFMWAFX2	CG001Qv51Next026	DNA-17661-CG001Qv51Next026-16	8	chr7	55242465	GGAATTAAGAGAAGCA	G	0.125	-0.6573024	0.1
210129_NB551381_0114_AHKFMWAFX2	CG001Qv51Next026	DNA-17661-CG001Qv51Next026-16	8	chr7	55249012	C	CGGT	0.125	-0.6573024	0.1
210129_NB551381_0114_AHKFMWAFX2	CG001Qv51Next026	DNA-17661-CG001Qv51Next026-23	16	chr17	7579424	AG	A	0.125	-0.6573024	0.1
210129_NB551381_0114_AHKFMWAFX2	CG001Qv51Next026	DNA-17661-CG001Qv51Next026-23	16	chr17	7577557	AG	A	0.125	-0.6573024	0.1
210129_NB551381_0114_AHKFMWAFX2	CG001Qv51Next026	DNA-17661-CG001Qv51Next026-23	16	chr4	55141048	T	TA	0.125	-0.6573024	0.1
210129_NB551381_0114_AHKFMWAFX2	CG001Qv51Next026	DNA-17661-CG001Qv51Next026-23	16	chr17	37880981	A	AGCATACGTGATG	0.125	-0.6573024	0.1
210129_NB551381_0114_AHKFMWAFX2	CG001Qv51Next026	DNA-17661-CG001Qv51Next026-23	16	chr7	55242465	GGAATTAAGAGAAGCA	G	0.125	-0.6573024	0.1
210129_NB551381_0114_AHKFMWAFX2	CG001Qv51Next026	DNA-17661-CG001Qv51Next026-23	16	chr7	55249012	C	CGGT	0.125	-0.6573024	0.1
210129_NB551381_0114_AHKFMWAFX2	CG001Qv51Next026	DNA-17309-CG001Qv51Next026-10	4	chr17	7579424	AG	A	0	-0.7837388	0
210129_NB551381_0114_AHKFMWAFX2	CG001Qv51Next026	DNA-17309-CG001Qv51Next026-10	4	chr17	7577557	AG	A	0	-0.7837388	0
210129_NB551381_0114_AHKFMWAFX2	CG001Qv51Next026	DNA-17309-CG001Qv51Next026-10	4	chr4	55141048	T	TA	0	-0.7837388	0
210129_NB551381_0114_AHKFMWAFX2	CG001Qv51Next026	DNA-17309-CG001Qv51Next026-10	4	chr17	37880981	A	AGCATACGTGATG	0	-0.7837388	0
210129_NB551381_0114_AHKFMWAFX2	CG001Qv51Next026	DNA-17309-CG001Qv51Next026-10	4	chr7	55242465	GGAATTAAGAGAAGCA	G	0	-0.7837388	0
210129_NB551381_0114_AHKFMWAFX2	CG001Qv51Next026	DNA-17309-CG001Qv51Next026-10	4	chr7	55249012	C	CGGT	0	-0.7837388	0
210129_NB551381_0114_AHKFMWAFX2	CG001Qv51Next026	DNA-17309-CG001Qv51Next026-17	8	chr17	7579424	AG	A	0	-0.7837388	0
210129_NB551381_0114_AHKFMWAFX2	CG001Qv51Next026	DNA-17309-CG001Qv51Next026-17	8	chr17	7577557	AG	A	0	-0.7837388	0
210129_NB551381_0114_AHKFMWAFX2	CG001Qv51Next026	DNA-17309-CG001Qv51Next026-17	8	chr4	55141048	T	TA	0	-0.7837388	0
210129_NB551381_0114_AHKFMWAFX2	CG001Qv51Next026	DNA-17309-CG001Qv51Next026-17	8	chr17	37880981	A	AGCATACGTGATG	0	-0.7837388	0
210129_NB551381_0114_AHKFMWAFX2	CG001Qv51Next026	DNA-17309-CG001Qv51Next026-17	8	chr7	55242465	GGAATTAAGAGAAGCA	G	0	-0.7837388	0
210129_NB551381_0114_AHKFMWAFX2	CG001Qv51Next026	DNA-17309-CG001Qv51Next026-17	8	chr7	55249012	C	CGGT	0	-0.7837388	0
210129_NB551381_0114_AHKFMWAFX2	CG001Qv51Next026	DNA-17309-CG001Qv51Next026-24	16	chr17	7579424	AG	A	0	-0.7837388	0
210129_NB551381_0114_AHKFMWAFX2	CG001Qv51Next026	DNA-17309-CG001Qv51Next026-24	16	chr17	7577557	AG	A	0	-0.7837388	0
210129_NB551381_0114_AHKFMWAFX2	CG001Qv51Next026	DNA-17309-CG001Qv51Next026-24	16	chr4	55141048	T	TA	0	-0.7837388	0
210129_NB551381_0114_AHKFMWAFX2	CG001Qv51Next026	DNA-17309-CG001Qv51Next026-24	16	chr17	37880981	A	AGCATACGTGATG	0	-0.7837388	0
210129_NB551381_0114_AHKFMWAFX2	CG001Qv51Next026	DNA-17309-CG001Qv51Next026-24	16	chr7	55242465	GGAATTAAGAGAAGCA	G	0	-0.7837388	0
210129_NB551381_0114_AHKFMWAFX2	CG001Qv51Next026	DNA-17309-CG001Qv51Next026-24	16	chr7	55249012	C	CGGT	0	-0.7837388	0
201023_NB551381_0093_AHFWLJAFX2	CG001Qv51Next007	DNA-17209-CG001Qv51Next007-4	4	chr7	55242464	AGGAATTAAGAGAAGC	A	1	0.2270145	0.79
201023_NB551381_0093_AHFWLJAFX2	CG001Qv51Next007	DNA-17209-CG001Qv51Next007-4	4	chr7	55248998	A	ATGGCCAGCG	1	0.2270145	0.79
201023_NB551381_0093_AHFWLJAFX2	CG001Qv51Next007	DNA-17209-CG001Qv51Next007-11	8	chr7	55242464	AGGAATTAAGAGAAGC	A	1	0.2270145	0.79
201023_NB551381_0093_AHFWLJAFX2	CG001Qv51Next007	DNA-17209-CG001Qv51Next007-11	8	chr7	55248998	A	ATGGCCAGCG	1	0.2270145	0.79
201023_NB551381_0093_AHFWLJAFX2	CG001Qv51Next007	DNA-17209-CG001Qv51Next007-18	16	chr7	55242464	AGGAATTAAGAGAAGC	A	1	0.2270145	0.79
201023_NB551381_0093_AHFWLJAFX2	CG001Qv51Next007	DNA-17209-CG001Qv51Next007-18	16	chr7	55248998	A	ATGGCCAGCG	1	0.2270145	0.79
201023_NB551381_0093_AHFWLJAFX2	CG001Qv51Next007	DNA-17209-CG001Qv51Next007-5	4	chr7	55242464	AGGAATTAAGAGAAGC	A	0.7	-0.07603416	0.553
201023_NB551381_0093_AHFWLJAFX2	CG001Qv51Next007	DNA-17209-CG001Qv51Next007-5	4	chr7	55248998	A	ATGGCCAGCG	0.7	-0.07603416	0.553
201023_NB551381_0093_AHFWLJAFX2	CG001Qv51Next007	DNA-17209-CG001Qv51Next007-12	8	chr7	55242464	AGGAATTAAGAGAAGC	A	0.7	-0.07603416	0.553
201023_NB551381_0093_AHFWLJAFX2	CG001Qv51Next007	DNA-17209-CG001Qv51Next007-12	8	chr7	55248998	A	ATGGCCAGCG	0.7	-0.07603416	0.553
201023_NB551381_0093_AHFWLJAFX2	CG001Qv51Next007	DNA-17209-CG001Qv51Next007-19	16	chr7	55242464	AGGAATTAAGAGAAGC	A	0.7	-0.07603416	0.553
201023_NB551381_0093_AHFWLJAFX2	CG001Qv51Next007	DNA-17209-CG001Qv51Next007-19	16	chr7	55248998	A	ATGGCCAGCG	0.7	-0.07603416	0.553
201023_NB551381_0093_AHFWLJAFX2	CG001Qv51Next007	DNA-17209-CG001Qv51Next007-6	4	chr7	55242464	AGGAATTAAGAGAAGC	A	0.5	-0.2781512	0.34
201023_NB551381_0093_AHFWLJAFX2	CG001Qv51Next007	DNA-17209-CG001Qv51Next007-6	4	chr7	55248998	A	ATGGCCAGCG	0.5	-0.2781512	0.34
201023_NB551381_0093_AHFWLJAFX2	CG001Qv51Next007	DNA-17209-CG001Qv51Next007-7	4	chr7	55242464	AGGAATTAAGAGAAGC	A	0.5	-0.2781512	0.34
201023_NB551381_0093_AHFWLJAFX2	CG001Qv51Next007	DNA-17209-CG001Qv51Next007-7	4	chr7	55248998	A	ATGGCCAGCG	0.5	-0.2781512	0.34
201023_NB551381_0093_AHFWLJAFX2	CG001Qv51Next007	DNA-17209-CG001Qv51Next007-13	8	chr7	55242464	AGGAATTAAGAGAAGC	A	0.5	-0.2781512	0.34
201023_NB551381_0093_AHFWLJAFX2	CG001Qv51Next007	DNA-17209-CG001Qv51Next007-13	8	chr7	55248998	A	ATGGCCAGCG	0.5	-0.2781512	0.34
201023_NB551381_0093_AHFWLJAFX2	CG001Qv51Next007	DNA-17209-CG001Qv51Next007-14	8	chr7	55242464	AGGAATTAAGAGAAGC	A	0.5	-0.2781512	0.34
201023_NB551381_0093_AHFWLJAFX2	CG001Qv51Next007	DNA-17209-CG001Qv51Next007-14	8	chr7	55248998	A	ATGGCCAGCG	0.5	-0.2781512	0.34
201023_NB551381_0093_AHFWLJAFX2	CG001Qv51Next007	DNA-17209-CG001Qv51Next007-20	16	chr7	55242464	AGGAATTAAGAGAAGC	A	0.5	-0.2781512	0.34
201023_NB551381_0093_AHFWLJAFX2	CG001Qv51Next007	DNA-17209-CG001Qv51Next007-20	16	chr7	55248998	A	ATGGCCAGCG	0.5	-0.2781512	0.34
201023_NB551381_0093_AHFWLJAFX2	CG001Qv51Next007	DNA-17209-CG001Qv51Next007-21	16	chr7	55242464	AGGAATTAAGAGAAGC	A	0.5	-0.2781512	0.34
201023_NB551381_0093_AHFWLJAFX2	CG001Qv51Next007	DNA-17209-CG001Qv51Next007-21	16	chr7	55248998	A	ATGGCCAGCG	0.5	-0.2781512	0.34
201023_NB551381_0093_AHFWLJAFX2	CG001Qv51Next007	DNA-17209-CG001Qv51Next007-8	4	chr7	55242464	AGGAATTAAGAGAAGC	A	0.25	-0.5308924	0.085
201023_NB551381_0093_AHFWLJAFX2	CG001Qv51Next007	DNA-17209-CG001Qv51Next007-8	4	chr7	55248998	A	ATGGCCAGCG	0.25	-0.5308924	0.085
201023_NB551381_0093_AHFWLJAFX2	CG001Qv51Next007	DNA-17209-CG001Qv51Next007-15	8	chr7	55242464	AGGAATTAAGAGAAGC	A	0.25	-0.5308924	0.085
201023_NB551381_0093_AHFWLJAFX2	CG001Qv51Next007	DNA-17209-CG001Qv51Next007-15	8	chr7	55248998	A	ATGGCCAGCG	0.25	-0.5308924	0.085
201023_NB551381_0093_AHFWLJAFX2	CG001Qv51Next007	DNA-17209-CG001Qv51Next007-22	16	chr7	55242464	AGGAATTAAGAGAAGC	A	0.25	-0.5308924	0.085
201023_NB551381_0093_AHFWLJAFX2	CG001Qv51Next007	DNA-17209-CG001Qv51Next007-22	16	chr7	55248998	A	ATGGCCAGCG	0.25	-0.5308924	0.085
201023_NB551381_0093_AHFWLJAFX2	CG001Qv51Next007	DNA-17209-CG001Qv51Next007-9	4	chr7	55242464	AGGAATTAAGAGAAGC	A	0.1	-0.6825876	0.01
201023_NB551381_0093_AHFWLJAFX2	CG001Qv51Next007	DNA-17209-CG001Qv51Next007-9	4	chr7	55248998	A	ATGGCCAGCG	0.1	-0.6825876	0.01
201023_NB551381_0093_AHFWLJAFX2	CG001Qv51Next007	DNA-17209-CG001Qv51Next007-16	8	chr7	55242464	AGGAATTAAGAGAAGC	A	0.1	-0.6825876	0.01
201023_NB551381_0093_AHFWLJAFX2	CG001Qv51Next007	DNA-17209-CG001Qv51Next007-16	8	chr7	55248998	A	ATGGCCAGCG	0.1	-0.6825876	0.01
201023_NB551381_0093_AHFWLJAFX2	CG001Qv51Next007	DNA-17209-CG001Qv51Next007-23	16	chr7	55242464	AGGAATTAAGAGAAGC	A	0.1	-0.6825876	0.01
201023_NB551381_0093_AHFWLJAFX2	CG001Qv51Next007	DNA-17209-CG001Qv51Next007-23	16	chr7	55248998	A	ATGGCCAGCG	0.1	-0.6825876	0.01
201023_NB551381_0093_AHFWLJAFX2	CG001Qv51Next007	DNA-17210-CG001Qv51Next007-10	4	chr7	55242464	AGGAATTAAGAGAAGC	A	0	-0.7837388	0
201023_NB551381_0093_AHFWLJAFX2	CG001Qv51Next007	DNA-17210-CG001Qv51Next007-10	4	chr7	55248998	A	ATGGCCAGCG	0	-0.7837388	0
201023_NB551381_0093_AHFWLJAFX2	CG001Qv51Next007	DNA-17210-CG001Qv51Next007-17	8	chr7	55242464	AGGAATTAAGAGAAGC	A	0	-0.7837388	0
201023_NB551381_0093_AHFWLJAFX2	CG001Qv51Next007	DNA-17210-CG001Qv51Next007-17	8	chr7	55248998	A	ATGGCCAGCG	0	-0.7837388	0
201023_NB551381_0093_AHFWLJAFX2	CG001Qv51Next007	DNA-17210-CG001Qv51Next007-24	16	chr7	55242464	AGGAATTAAGAGAAGC	A	0	-0.7837388	0
201023_NB551381_0093_AHFWLJAFX2	CG001Qv51Next007	DNA-17210-CG001Qv51Next007-24	16	chr7	55248998	A	ATGGCCAGCG	0	-0.7837388	0
201002_NB551381_0087_AHFW2FAFX2	CG001Qv51Next002	DNA-17209-CG001Qv51Next002-4	4	chr7	55242464	AGGAATTAAGAGAAGC	A	1	0.2270145	0.79
201002_NB551381_0087_AHFW2FAFX2	CG001Qv51Next002	DNA-17209-CG001Qv51Next002-4	4	chr7	55248998	A	ATGGCCAGCG	1	0.2270145	0.79
201002_NB551381_0087_AHFW2FAFX2	CG001Qv51Next002	DNA-17209-CG001Qv51Next002-11	8	chr7	55242464	AGGAATTAAGAGAAGC	A	1	0.2270145	0.79
201002_NB551381_0087_AHFW2FAFX2	CG001Qv51Next002	DNA-17209-CG001Qv51Next002-11	8	chr7	55248998	A	ATGGCCAGCG	1	0.2270145	0.79
201002_NB551381_0087_AHFW2FAFX2	CG001Qv51Next002	DNA-17209-CG001Qv51Next002-18	16	chr7	55242464	AGGAATTAAGAGAAGC	A	1	0.2270145	0.79
201002_NB551381_0087_AHFW2FAFX2	CG001Qv51Next002	DNA-17209-CG001Qv51Next002-18	16	chr7	55248998	A	ATGGCCAGCG	1	0.2270145	0.79
201002_NB551381_0087_AHFW2FAFX2	CG001Qv51Next002	DNA-17209-CG001Qv51Next002-5	4	chr7	55242464	AGGAATTAAGAGAAGC	A	0.7	-0.07603416	0.553
201002_NB551381_0087_AHFW2FAFX2	CG001Qv51Next002	DNA-17209-CG001Qv51Next002-5	4	chr7	55248998	A	ATGGCCAGCG	0.7	-0.07603416	0.553
201002_NB551381_0087_AHFW2FAFX2	CG001Qv51Next002	DNA-17209-CG001Qv51Next002-12	8	chr7	55242464	AGGAATTAAGAGAAGC	A	0.7	-0.07603416	0.553
201002_NB551381_0087_AHFW2FAFX2	CG001Qv51Next002	DNA-17209-CG001Qv51Next002-12	8	chr7	55248998	A	ATGGCCAGCG	0.7	-0.07603416	0.553
201002_NB551381_0087_AHFW2FAFX2	CG001Qv51Next002	DNA-17209-CG001Qv51Next002-19	16	chr7	55242464	AGGAATTAAGAGAAGC	A	0.7	-0.07603416	0.553
201002_NB551381_0087_AHFW2FAFX2	CG001Qv51Next002	DNA-17209-CG001Qv51Next002-19	16	chr7	55248998	A	ATGGCCAGCG	0.7	-0.07603416	0.553
201002_NB551381_0087_AHFW2FAFX2	CG001Qv51Next002	DNA-17209-CG001Qv51Next002-6	4	chr7	55242464	AGGAATTAAGAGAAGC	A	0.5	-0.2781512	0.34
201002_NB551381_0087_AHFW2FAFX2	CG001Qv51Next002	DNA-17209-CG001Qv51Next002-6	4	chr7	55248998	A	ATGGCCAGCG	0.5	-0.2781512	0.34
201002_NB551381_0087_AHFW2FAFX2	CG001Qv51Next002	DNA-17209-CG001Qv51Next002-7	4	chr7	55242464	AGGAATTAAGAGAAGC	A	0.5	-0.2781512	0.34
201002_NB551381_0087_AHFW2FAFX2	CG001Qv51Next002	DNA-17209-CG001Qv51Next002-7	4	chr7	55248998	A	ATGGCCAGCG	0.5	-0.2781512	0.34
201002_NB551381_0087_AHFW2FAFX2	CG001Qv51Next002	DNA-17209-CG001Qv51Next002-13	8	chr7	55242464	AGGAATTAAGAGAAGC	A	0.5	-0.2781512	0.34
201002_NB551381_0087_AHFW2FAFX2	CG001Qv51Next002	DNA-17209-CG001Qv51Next002-13	8	chr7	55248998	A	ATGGCCAGCG	0.5	-0.2781512	0.34
201002_NB551381_0087_AHFW2FAFX2	CG001Qv51Next002	DNA-17209-CG001Qv51Next002-14	8	chr7	55242464	AGGAATTAAGAGAAGC	A	0.5	-0.2781512	0.34
201002_NB551381_0087_AHFW2FAFX2	CG001Qv51Next002	DNA-17209-CG001Qv51Next002-14	8	chr7	55248998	A	ATGGCCAGCG	0.5	-0.2781512	0.34
201002_NB551381_0087_AHFW2FAFX2	CG001Qv51Next002	DNA-17209-CG001Qv51Next002-20	16	chr7	55242464	AGGAATTAAGAGAAGC	A	0.5	-0.2781512	0.34
201002_NB551381_0087_AHFW2FAFX2	CG001Qv51Next002	DNA-17209-CG001Qv51Next002-20	16	chr7	55248998	A	ATGGCCAGCG	0.5	-0.2781512	0.34
201002_NB551381_0087_AHFW2FAFX2	CG001Qv51Next002	DNA-17209-CG001Qv51Next002-21	16	chr7	55242464	AGGAATTAAGAGAAGC	A	0.5	-0.2781512	0.34
201002_NB551381_0087_AHFW2FAFX2	CG001Qv51Next002	DNA-17209-CG001Qv51Next002-21	16	chr7	55248998	A	ATGGCCAGCG	0.5	-0.2781512	0.34
201002_NB551381_0087_AHFW2FAFX2	CG001Qv51Next002	DNA-17209-CG001Qv51Next002-8	4	chr7	55242464	AGGAATTAAGAGAAGC	A	0.25	-0.5308924	0.085
201002_NB551381_0087_AHFW2FAFX2	CG001Qv51Next002	DNA-17209-CG001Qv51Next002-8	4	chr7	55248998	A	ATGGCCAGCG	0.25	-0.5308924	0.085
201002_NB551381_0087_AHFW2FAFX2	CG001Qv51Next002	DNA-17209-CG001Qv51Next002-15	8	chr7	55242464	AGGAATTAAGAGAAGC	A	0.25	-0.5308924	0.085
201002_NB551381_0087_AHFW2FAFX2	CG001Qv51Next002	DNA-17209-CG001Qv51Next002-15	8	chr7	55248998	A	ATGGCCAGCG	0.25	-0.5308924	0.085
201002_NB551381_0087_AHFW2FAFX2	CG001Qv51Next002	DNA-17209-CG001Qv51Next002-22	16	chr7	55242464	AGGAATTAAGAGAAGC	A	0.25	-0.5308924	0.085
201002_NB551381_0087_AHFW2FAFX2	CG001Qv51Next002	DNA-17209-CG001Qv51Next002-22	16	chr7	55248998	A	ATGGCCAGCG	0.25	-0.5308924	0.085
201002_NB551381_0087_AHFW2FAFX2	CG001Qv51Next002	DNA-17209-CG001Qv51Next002-9	4	chr7	55242464	AGGAATTAAGAGAAGC	A	0.1	-0.6825876	0.01
201002_NB551381_0087_AHFW2FAFX2	CG001Qv51Next002	DNA-17209-CG001Qv51Next002-9	4	chr7	55248998	A	ATGGCCAGCG	0.1	-0.6825876	0.01
201002_NB551381_0087_AHFW2FAFX2	CG001Qv51Next002	DNA-17209-CG001Qv51Next002-16	8	chr7	55242464	AGGAATTAAGAGAAGC	A	0.1	-0.6825876	0.01
201002_NB551381_0087_AHFW2FAFX2	CG001Qv51Next002	DNA-17209-CG001Qv51Next002-16	8	chr7	55248998	A	ATGGCCAGCG	0.1	-0.6825876	0.01
201002_NB551381_0087_AHFW2FAFX2	CG001Qv51Next002	DNA-17209-CG001Qv51Next002-23	16	chr7	55242464	AGGAATTAAGAGAAGC	A	0.1	-0.6825876	0.01
201002_NB551381_0087_AHFW2FAFX2	CG001Qv51Next002	DNA-17209-CG001Qv51Next002-23	16	chr7	55248998	A	ATGGCCAGCG	0.1	-0.6825876	0.01
201002_NB551381_0087_AHFW2FAFX2	CG001Qv51Next002	DNA-17210-CG001Qv51Next002-10	4	chr7	55242464	AGGAATTAAGAGAAGC	A	0	-0.7837388	0
201002_NB551381_0087_AHFW2FAFX2	CG001Qv51Next002	DNA-17210-CG001Qv51Next002-10	4	chr7	55248998	A	ATGGCCAGCG	0	-0.7837388	0
201002_NB551381_0087_AHFW2FAFX2	CG001Qv51Next002	DNA-17210-CG001Qv51Next002-17	8	chr7	55242464	AGGAATTAAGAGAAGC	A	0	-0.7837388	0
201002_NB551381_0087_AHFW2FAFX2	CG001Qv51Next002	DNA-17210-CG001Qv51Next002-17	8	chr7	55248998	A	ATGGCCAGCG	0	-0.7837388	0
201002_NB551381_0087_AHFW2FAFX2	CG001Qv51Next002	DNA-17210-CG001Qv51Next002-24	16	chr7	55242464	AGGAATTAAGAGAAGC	A	0	-0.7837388	0
201002_NB551381_0087_AHFW2FAFX2	CG001Qv51Next002	DNA-17210-CG001Qv51Next002-24	16	chr7	55248998	A	ATGGCCAGCG	0	-0.7837388	0
