run_id	run	sample	ng_est	chr	pos	ref	alt	exp_vaf	min_exp_vaf
201104_NB551381_0098_AHHKK5AFX2	CG001Qv51Next012	DNA-21492-CG001Qv51Next012-10	4	chr19	1207026	G	GCC	0	0.0706344697
201104_NB551381_0098_AHHKK5AFX2	CG001Qv51Next012	DNA-21492-CG001Qv51Next012-17	8	chr19	1207026	G	GCC	0	0.0706344697
201104_NB551381_0098_AHHKK5AFX2	CG001Qv51Next012	DNA-21492-CG001Qv51Next012-24	12	chr19	1207026	G	GCC	0	0.0706344697
210205_NB551381_0118_AHMHT3AFX2	CG001Qv51Next032	DNA-26519-CG001Qv51Next032-10	4	chr7	55248998	A	ATGGCCAGCG	0	0.5038809524
210205_NB551381_0118_AHMHT3AFX2	CG001Qv51Next032	DNA-26519-CG001Qv51Next032-17	8	chr7	55248998	A	ATGGCCAGCG	0	0.5038809524
210205_NB551381_0118_AHMHT3AFX2	CG001Qv51Next032	DNA-26519-CG001Qv51Next032-24	12	chr7	55248998	A	ATGGCCAGCG	0	0.5038809524
210217_NB551381_0120_AHMHG7AFX2	CG001Qv51Next034	DNA-26519-CG001Qv51Next034-17	8	chr17	7577537	CCGGTTCATGCCGCCCATGCAG	C	0	0.2167
210217_NB551381_0120_AHMHG7AFX2	CG001Qv51Next034	DNA-26519-CG001Qv51Next034-24	12	chr17	7577537	CCGGTTCATGCCGCCCATGCAG	C	0	0.2167
210217_NB551381_0120_AHMHG7AFX2	CG001Qv51Next034	DNA-26519-CG001Qv51Next034-17	8	chr17	7577597	G	GT	0	0.2167
210217_NB551381_0120_AHMHG7AFX2	CG001Qv51Next034	DNA-26519-CG001Qv51Next034-24	12	chr17	7577597	G	GT	0	0.2167
210217_NB551381_0120_AHMHG7AFX2	CG001Qv51Next034	DNA-26519-CG001Qv51Next034-17	8	chr17	7578457	CG	C	0	0.2167
210217_NB551381_0120_AHMHG7AFX2	CG001Qv51Next034	DNA-26519-CG001Qv51Next034-24	12	chr17	7578457	CG	C	0	0.2167
210217_NB551381_0120_AHMHG7AFX2	CG001Qv51Next034	DNA-26519-CG001Qv51Next034-17	8	chr17	7578463	CGGGTGCCGGGCGG	C	0	0.2167
210217_NB551381_0120_AHMHG7AFX2	CG001Qv51Next034	DNA-26519-CG001Qv51Next034-24	12	chr17	7578463	CGGGTGCCGGGCGG	C	0	0.2167
210217_NB551381_0120_AHMHG7AFX2	CG001Qv51Next034	DNA-26519-CG001Qv51Next034-17	8	chr4	55592163	A	ATGTGGGCAAGACTTC	0	0.2167
210217_NB551381_0120_AHMHG7AFX2	CG001Qv51Next034	DNA-26519-CG001Qv51Next034-24	12	chr4	55592163	A	ATGTGGGCAAGACTTC	0	0.2167
210217_NB551381_0120_AHMHG7AFX2	CG001Qv51Next034	DNA-26519-CG001Qv51Next034-17	8	chr7	116411848	C	CCT	0	0.2167
210217_NB551381_0120_AHMHG7AFX2	CG001Qv51Next034	DNA-26519-CG001Qv51Next034-24	12	chr7	116411848	C	CCT	0	0.2167
210217_NB551381_0120_AHMHG7AFX2	CG001Qv51Next034	DNA-26519-CG001Qv51Next034-17	8	chr7	55242469	TTAAGAGAAGCAACATCTC	T	0	0.2167
210217_NB551381_0120_AHMHG7AFX2	CG001Qv51Next034	DNA-26519-CG001Qv51Next034-24	12	chr7	55242469	TTAAGAGAAGCAACATCTC	T	0	0.2167
210217_NB551381_0120_AHMHG7AFX2	CG001Qv51Next034	DNA-26519-CG001Qv51Next034-17	8	chr7	55248998	A	ATGGCCAGCG	0	0.2167
210217_NB551381_0120_AHMHG7AFX2	CG001Qv51Next034	DNA-26519-CG001Qv51Next034-24	12	chr7	55248998	A	ATGGCCAGCG	0	0.2167
