run_id	sample	chr	pos	ref	altaf	score	TP	FN	FP
181128_M02558_0267_000000000-C5GNB	HorizonWT-CG001Q40Run55-4	chr7	55242464	AGGAATTAAGAGAAGC	A	na	na	na	na	na
181128_M02558_0267_000000000-C5GNB	HorizonWT-CG001Q40Run55-4	chr7	55248998	A	ATGGCCAGCG	na	na	na	na	na
181128_M02558_0267_000000000-C5GNB	20000-CG001Q40Run55-5	chr7	55242464	AGGAATTAAGAGAAGC	A	7.168	0.42	1	9	0
181128_M02558_0267_000000000-C5GNB	20000-CG001Q40Run55-5	chr7	55248998	A	ATGGCCAGCG	4.101	0.363	1	9	0
181128_M02558_0267_000000000-C5GNB	20000-CG001Q40Run55-6	chr7	55242464	AGGAATTAAGAGAAGC	A	1.478	0.429	1	9	0
181128_M02558_0267_000000000-C5GNB	20000-CG001Q40Run55-6	chr7	55248998	A	ATGGCCAGCG	0.753	0.379	1	9	0
181128_M02558_0267_000000000-C5GNB	20000-CG001Q40Run55-7	chr7	55242464	AGGAATTAAGAGAAGC	A	0.829	0.701	1	9	0
181128_M02558_0267_000000000-C5GNB	20000-CG001Q40Run55-7	chr7	55248998	A	ATGGCCAGCG	0.48	0.397	1	9	0
181128_M02558_0267_000000000-C5GNB	20000-CG001Q40Run55-8	chr7	55242464	AGGAATTAAGAGAAGC	A	0.094	0.846	1	9	0
181128_M02558_0267_000000000-C5GNB	20000-CG001Q40Run55-8	chr7	55248998	A	ATGGCCAGCG	na	na	na	na	na
181130_M03829_0180_000000000-C6MPY	HorizonWT-CG001Q40Run56-4	chr7	55242464	AGGAATTAAGAGAAGC	A	na	na	na	na	na
181130_M03829_0180_000000000-C6MPY	HorizonWT-CG001Q40Run56-4	chr7	55248998	A	ATGGCCAGCG	na	na	na	na	na
181130_M03829_0180_000000000-C6MPY	10000-CG001Q40Run56-5	chr7	55242464	AGGAATTAAGAGAAGC	A	7.352	0.446	1	9	0
181130_M03829_0180_000000000-C6MPY	10000-CG001Q40Run56-5	chr7	55248998	A	ATGGCCAGCG	3.83	0.367	2	8	0
181130_M03829_0180_000000000-C6MPY	10000-CG001Q40Run56-6	chr7	55242464	AGGAATTAAGAGAAGC	A	1.689	0.514	1	9	0
181130_M03829_0180_000000000-C6MPY	10000-CG001Q40Run56-6	chr7	55248998	A	ATGGCCAGCG	0.823	0.354	1	9	0
181130_M03829_0180_000000000-C6MPY	10000-CG001Q40Run56-7	chr7	55242464	AGGAATTAAGAGAAGC	A	0.532	0.444	1	9	2
181130_M03829_0180_000000000-C6MPY	10000-CG001Q40Run56-7	chr7	55248998	A	ATGGCCAGCG	0.25	0.361	1	9	0
181130_M03829_0180_000000000-C6MPY	10000-CG001Q40Run56-8	chr7	55242464	AGGAATTAAGAGAAGC	A	0.042	1.516	1	9	0
181130_M03829_0180_000000000-C6MPY	10000-CG001Q40Run56-8	chr7	55248998	A	ATGGCCAGCG	0.165	0.367	2	8	0
181203_M02558_0269_000000000-C5GG5	HorizonWT-CG001Q40Run57-4	chr7	55242464	AGGAATTAAGAGAAGC	A	0.025	1.388	1	9	0
181203_M02558_0269_000000000-C5GG5	HorizonWT-CG001Q40Run57-4	chr7	55248998	A	ATGGCCAGCG	na	na	na	na	na
181203_M02558_0269_000000000-C5GG5	5000-CG001Q40Run57-5	chr7	55242464	AGGAATTAAGAGAAGC	A	7.783	0.457	1	9	0
181203_M02558_0269_000000000-C5GG5	5000-CG001Q40Run57-5	chr7	55248998	A	ATGGCCAGCG	3.692	0.364	1	9	0
181203_M02558_0269_000000000-C5GG5	5000-CG001Q40Run57-6	chr7	55242464	AGGAATTAAGAGAAGC	A	1.156	0.455	1	9	0
181203_M02558_0269_000000000-C5GG5	5000-CG001Q40Run57-6	chr7	55248998	A	ATGGCCAGCG	0.667	0.375	1	9	0
181203_M02558_0269_000000000-C5GG5	5000-CG001Q40Run57-7	chr7	55242464	AGGAATTAAGAGAAGC	A	1.71	0.472	1	9	0
181203_M02558_0269_000000000-C5GG5	5000-CG001Q40Run57-7	chr7	55248998	A	ATGGCCAGCG	0.669	0.386	1	9	0
181203_M02558_0269_000000000-C5GG5	5000-CG001Q40Run57-8	chr7	55242464	AGGAATTAAGAGAAGC	A	na	na	na	na	na
181203_M02558_0269_000000000-C5GG5	5000-CG001Q40Run57-8	chr7	55248998	A	ATGGCCAGCG	0.119	0.416	1	9	0
181203_M03829_0181_000000000-C6M8R	HorizonWT-CG001Q40Run58-4	chr7	55242464	AGGAATTAAGAGAAGC	A	0.019	2.388	1	9	4
181203_M03829_0181_000000000-C6M8R	HorizonWT-CG001Q40Run58-4	chr7	55248998	A	ATGGCCAGCG	na	na	na	na	na
181203_M03829_0181_000000000-C6M8R	2500-CG001Q40Run58-5	chr7	55242464	AGGAATTAAGAGAAGC	A	6.34	0.486	1	9	0
181203_M03829_0181_000000000-C6M8R	2500-CG001Q40Run58-5	chr7	55248998	A	ATGGCCAGCG	4.466	0.368	1	9	0
181203_M03829_0181_000000000-C6M8R	2500-CG001Q40Run58-6	chr7	55242464	AGGAATTAAGAGAAGC	A	1.033	0.417	1	9	0
181203_M03829_0181_000000000-C6M8R	2500-CG001Q40Run58-6	chr7	55248998	A	ATGGCCAGCG	1.134	0.369	1	9	1
181203_M03829_0181_000000000-C6M8R	2500-CG001Q40Run58-7	chr7	55242464	AGGAATTAAGAGAAGC	A	0.528	0.839	1	9	0
181203_M03829_0181_000000000-C6M8R	2500-CG001Q40Run58-7	chr7	55248998	A	ATGGCCAGCG	0.179	0.366	1	9	3
181203_M03829_0181_000000000-C6M8R	2500-CG001Q40Run58-8	chr7	55242464	AGGAATTAAGAGAAGC	A	0.358	0.5	1	9	0
181203_M03829_0181_000000000-C6M8R	2500-CG001Q40Run58-8	chr7	55248998	A	ATGGCCAGCG	na	na	na	na	na
181204_M02558_0271_000000000-C6MJC	HorizonWT-CG001Q40Run60-4	chr7	55242464	AGGAATTAAGAGAAGC	A	na	na	na	na	na
181204_M02558_0271_000000000-C6MJC	HorizonWT-CG001Q40Run60-4	chr7	55248998	A	ATGGCCAGCG	na	na	na	na	na
181204_M02558_0271_000000000-C6MJC	2500-CG001Q40Run60-5	chr7	55242464	AGGAATTAAGAGAAGC	A	7.915	0.514	1	9	0
181204_M02558_0271_000000000-C6MJC	2500-CG001Q40Run60-5	chr7	55248998	A	ATGGCCAGCG	5.53	0.354	1	9	0
181204_M02558_0271_000000000-C6MJC	2500-CG001Q40Run60-6	chr7	55242464	AGGAATTAAGAGAAGC	A	0.681	0.549	1	9	0
181204_M02558_0271_000000000-C6MJC	2500-CG001Q40Run60-6	chr7	55248998	A	ATGGCCAGCG	1.437	0.353	1	9	0
181204_M02558_0271_000000000-C6MJC	2500-CG001Q40Run60-7	chr7	55242464	AGGAATTAAGAGAAGC	A	1.51	0.531	1	9	0
181204_M02558_0271_000000000-C6MJC	2500-CG001Q40Run60-7	chr7	55248998	A	ATGGCCAGCG	0.757	0.409	1	9	0
181204_M02558_0271_000000000-C6MJC	2500-CG001Q40Run60-8	chr7	55242464	AGGAATTAAGAGAAGC	A	na	na	na	na	na
181204_M02558_0271_000000000-C6MJC	2500-CG001Q40Run60-8	chr7	55248998	A	ATGGCCAGCG	0.55	0.389	1	9	2
181121_M02558_0264_000000000-C5GGT	HorizonWT-CG001Q40Run47-4	chr7	55242464	AGGAATTAAGAGAAGC	A	na	na	na	na	na
181121_M02558_0264_000000000-C5GGT	HorizonWT-CG001Q40Run47-4	chr7	55248998	A	ATGGCCAGCG	na	na	na	na	na
181121_M02558_0264_000000000-C5GGT	20000-CG001Q40Run47-5	chr7	55242464	AGGAATTAAGAGAAGC	A	5.348	0.564	1	41	0
181121_M02558_0264_000000000-C5GGT	20000-CG001Q40Run47-5	chr7	55248998	A	ATGGCCAGCG	3.752	0.371	2	40	3
181121_M02558_0264_000000000-C5GGT	20000-CG001Q40Run47-6	chr7	55242464	AGGAATTAAGAGAAGC	A	0.98	0.425	1	41	0
181121_M02558_0264_000000000-C5GGT	20000-CG001Q40Run47-6	chr7	55248998	A	ATGGCCAGCG	0.674	0.48	2	40	1
181121_M02558_0264_000000000-C5GGT	20000-CG001Q40Run47-7	chr7	55242464	AGGAATTAAGAGAAGC	A	0.658	0.44	1	41	0
181121_M02558_0264_000000000-C5GGT	20000-CG001Q40Run47-7	chr7	55248998	A	ATGGCCAGCG	0.57	0.388	1	41	1
181121_M02558_0264_000000000-C5GGT	20000-CG001Q40Run47-8	chr7	55242464	AGGAATTAAGAGAAGC	A	0.324	0.516	1	41	1
181121_M02558_0264_000000000-C5GGT	20000-CG001Q40Run47-8	chr7	55248998	A	ATGGCCAGCG	na	na	na	na	na
181121_M02558_0264_000000000-C5GGT	10000-CG001Q40Run47-9	chr7	55242464	AGGAATTAAGAGAAGC	A	7.732	0.403	3	39	0
181121_M02558_0264_000000000-C5GGT	10000-CG001Q40Run47-9	chr7	55248998	A	ATGGCCAGCG	4.736	0.37	1	41	0
181121_M02558_0264_000000000-C5GGT	10000-CG001Q40Run47-10	chr7	55242464	AGGAATTAAGAGAAGC	A	2.467	0.478	1	41	50
181121_M02558_0264_000000000-C5GGT	10000-CG001Q40Run47-10	chr7	55248998	A	ATGGCCAGCG	0.857	0.362	2	40	0
181121_M02558_0264_000000000-C5GGT	10000-CG001Q40Run47-11	chr7	55242464	AGGAATTAAGAGAAGC	A	0.604	0.569	1	41	0
181121_M02558_0264_000000000-C5GGT	10000-CG001Q40Run47-11	chr7	55248998	A	ATGGCCAGCG	0.495	0.375	1	41	0
181121_M02558_0264_000000000-C5GGT	10000-CG001Q40Run47-12	chr7	55242464	AGGAATTAAGAGAAGC	A	0.051	1.388	1	41	0
181121_M02558_0264_000000000-C5GGT	10000-CG001Q40Run47-12	chr7	55248998	A	ATGGCCAGCG	0.194	0.403	3	39	0
181121_M02558_0264_000000000-C5GGT	5000-CG001Q40Run47-13	chr7	55242464	AGGAATTAAGAGAAGC	A	7.645	0.395	1	41	0
181121_M02558_0264_000000000-C5GGT	5000-CG001Q40Run47-13	chr7	55248998	A	ATGGCCAGCG	3.245	0.362	2	40	0
181121_M02558_0264_000000000-C5GGT	5000-CG001Q40Run47-14	chr7	55242464	AGGAATTAAGAGAAGC	A	1.15	0.579	1	41	1
181121_M02558_0264_000000000-C5GGT	5000-CG001Q40Run47-14	chr7	55248998	A	ATGGCCAGCG	0.745	0.4	1	41	1
181121_M02558_0264_000000000-C5GGT	5000-CG001Q40Run47-15	chr7	55242464	AGGAATTAAGAGAAGC	A	1.537	0.423	1	41	0
181121_M02558_0264_000000000-C5GGT	5000-CG001Q40Run47-15	chr7	55248998	A	ATGGCCAGCG	0.591	0.413	1	41	0
181121_M02558_0264_000000000-C5GGT	5000-CG001Q40Run47-16	chr7	55242464	AGGAATTAAGAGAAGC	A	na	na	na	na	na
181121_M02558_0264_000000000-C5GGT	5000-CG001Q40Run47-16	chr7	55248998	A	ATGGCCAGCG	0.116	0.48	2	40	1
181121_M02558_0264_000000000-C5GGT	2500-CG001Q40Run47-17	chr7	55242464	AGGAATTAAGAGAAGC	A	6.854	0.428	1	41	0
181121_M02558_0264_000000000-C5GGT	2500-CG001Q40Run47-17	chr7	55248998	A	ATGGCCAGCG	4.653	0.371	2	40	3
181121_M02558_0264_000000000-C5GGT	2500-CG001Q40Run47-18	chr7	55242464	AGGAATTAAGAGAAGC	A	1.188	0.465	1	41	0
181121_M02558_0264_000000000-C5GGT	2500-CG001Q40Run47-18	chr7	55248998	A	ATGGCCAGCG	0.918	0.366	1	41	9
181121_M02558_0264_000000000-C5GGT	2500-CG001Q40Run47-19	chr7	55242464	AGGAATTAAGAGAAGC	A	0.807	0.403	3	39	0
181121_M02558_0264_000000000-C5GGT	2500-CG001Q40Run47-19	chr7	55248998	A	ATGGCCAGCG	0.212	0.544	1	41	1
181121_M02558_0264_000000000-C5GGT	2500-CG001Q40Run47-20	chr7	55242464	AGGAATTAAGAGAAGC	A	0.76	0.475	1	41	1
181121_M02558_0264_000000000-C5GGT	2500-CG001Q40Run47-20	chr7	55248998	A	ATGGCCAGCG	0.027	1.351	1	41	3
181121_M02558_0264_000000000-C5GGT	1250-CG001Q40Run47-21	chr7	55242464	AGGAATTAAGAGAAGC	A	7.934	0.438	1	41	1
181121_M02558_0264_000000000-C5GGT	1250-CG001Q40Run47-21	chr7	55248998	A	ATGGCCAGCG	5.705	0.363	1	41	0
181121_M02558_0264_000000000-C5GGT	1250-CG001Q40Run47-22	chr7	55242464	AGGAATTAAGAGAAGC	A	0.762	0.527	1	41	0
181121_M02558_0264_000000000-C5GGT	1250-CG001Q40Run47-22	chr7	55248998	A	ATGGCCAGCG	1.295	0.356	1	41	0
181121_M02558_0264_000000000-C5GGT	1250-CG001Q40Run47-23	chr7	55242464	AGGAATTAAGAGAAGC	A	1.335	0.429	1	41	0
181121_M02558_0264_000000000-C5GGT	1250-CG001Q40Run47-23	chr7	55248998	A	ATGGCCAGCG	0.913	0.36	1	41	0
181121_M02558_0264_000000000-C5GGT	1250-CG001Q40Run47-24	chr7	55242464	AGGAATTAAGAGAAGC	A	na	na	na	na	na
181121_M02558_0264_000000000-C5GGT	1250-CG001Q40Run47-24	chr7	55248998	A	ATGGCCAGCG	0.436	0.373	1	41	1
181018_M03829_0168_000000000-C4YCP	DNA-11319-CG001Qv40Run31-22	chr7	55249012	C	CGGT	0.085	1.11	1	59	0
181018_M03829_0168_000000000-C4YCP	DNA-11319-CG001Qv40Run31-22	chr7	55242465	GGAATTAAGAGAAGCA	G	1.057	0.633	1	59	0
181018_M03829_0168_000000000-C4YCP	DNA-11319-CG001Qv40Run31-22	chr4	55141048	T	TA	0.602	0.173	2	58	1
181018_M03829_0168_000000000-C4YCP	DNA-11319-CG001Qv40Run31-22	chr17	7577557	AG	A	0.149	0.096	1	59	0
181018_M03829_0168_000000000-C4YCP	DNA-11319-CG001Qv40Run31-22	chr17	7579419	AG	A	0.11	0.509	2	58	1
181018_M03829_0168_000000000-C4YCP	DNA-11319-CG001Qv40Run31-13	chr7	55249012	C	CGGT	0.677	0.271	1	59	13
181018_M03829_0168_000000000-C4YCP	DNA-11319-CG001Qv40Run31-13	chr7	55242465	GGAATTAAGAGAAGCA	G	0.618	0.42	1	59	3
181018_M03829_0168_000000000-C4YCP	DNA-11319-CG001Qv40Run31-13	chr4	55141048	T	TA	0.737	0.171	1	59	0
181018_M03829_0168_000000000-C4YCP	DNA-11319-CG001Qv40Run31-13	chr17	7577557	AG	A	1.282	0.058	1	59	0
181018_M03829_0168_000000000-C4YCP	DNA-11319-CG001Qv40Run31-13	chr17	7579419	AG	A	1.291	0.445	1	59	0
181018_M03829_0168_000000000-C4YCP	DNA-11319-CG001Qv40Run31-14	chr7	55249012	C	CGGT	1.044	0.22	1	59	0
181018_M03829_0168_000000000-C4YCP	DNA-11319-CG001Qv40Run31-14	chr7	55242465	GGAATTAAGAGAAGCA	G	1.786	0.4	1	59	0
181018_M03829_0168_000000000-C4YCP	DNA-11319-CG001Qv40Run31-14	chr4	55141048	T	TA	1.542	0.165	3	57	0
181018_M03829_0168_000000000-C4YCP	DNA-11319-CG001Qv40Run31-14	chr17	7577557	AG	A	1.192	0.095	1	59	0
181018_M03829_0168_000000000-C4YCP	DNA-11319-CG001Qv40Run31-14	chr17	7579419	AG	A	0.652	0.473	1	59	0
181018_M03829_0168_000000000-C4YCP	DNA-11319-CG001Qv40Run31-15	chr7	55249012	C	CGGT	0.794	0.243	2	58	1
181018_M03829_0168_000000000-C4YCP	DNA-11319-CG001Qv40Run31-15	chr7	55242465	GGAATTAAGAGAAGCA	G	0.84	0.474	1	59	0
181018_M03829_0168_000000000-C4YCP	DNA-11319-CG001Qv40Run31-15	chr4	55141048	T	TA	1.441	0.178	1	59	0
181018_M03829_0168_000000000-C4YCP	DNA-11319-CG001Qv40Run31-15	chr17	7577557	AG	A	0.572	0.085	1	59	0
181018_M03829_0168_000000000-C4YCP	DNA-11319-CG001Qv40Run31-15	chr17	7579419	AG	A	1.096	0.413	2	58	0
181018_M03829_0168_000000000-C4YCP	DNA-11319-CG001Qv40Run31-16	chr7	55249012	C	CGGT	0.553	0.228	1	59	0
181018_M03829_0168_000000000-C4YCP	DNA-11319-CG001Qv40Run31-16	chr7	55242465	GGAATTAAGAGAAGCA	G	0.917	0.411	1	59	0
181018_M03829_0168_000000000-C4YCP	DNA-11319-CG001Qv40Run31-16	chr4	55141048	T	TA	0.683	0.173	2	58	1
181018_M03829_0168_000000000-C4YCP	DNA-11319-CG001Qv40Run31-16	chr17	7577557	AG	A	1.021	0.06	2	58	0
181018_M03829_0168_000000000-C4YCP	DNA-11319-CG001Qv40Run31-16	chr17	7579419	AG	A	1.196	0.391	2	58	4
181018_M03829_0168_000000000-C4YCP	DNA-11319-CG001Qv40Run31-17	chr7	55249012	C	CGGT	0.727	0.221	1	59	0
181018_M03829_0168_000000000-C4YCP	DNA-11319-CG001Qv40Run31-17	chr7	55242465	GGAATTAAGAGAAGCA	G	1.043	0.453	2	58	0
181018_M03829_0168_000000000-C4YCP	DNA-11319-CG001Qv40Run31-17	chr4	55141048	T	TA	1.523	0.163	1	59	0
181018_M03829_0168_000000000-C4YCP	DNA-11319-CG001Qv40Run31-17	chr17	7577557	AG	A	0.668	0.06	2	58	0
181018_M03829_0168_000000000-C4YCP	DNA-11319-CG001Qv40Run31-17	chr17	7579419	AG	A	0.223	1.02	1	59	0
181018_M03829_0168_000000000-C4YCP	DNA-11319-CG001Qv40Run31-18	chr7	55249012	C	CGGT	0.405	0.232	1	59	0
181018_M03829_0168_000000000-C4YCP	DNA-11319-CG001Qv40Run31-18	chr7	55242465	GGAATTAAGAGAAGCA	G	0.95	0.408	1	59	0
181018_M03829_0168_000000000-C4YCP	DNA-11319-CG001Qv40Run31-18	chr4	55141048	T	TA	0.962	0.165	3	57	0
181018_M03829_0168_000000000-C4YCP	DNA-11319-CG001Qv40Run31-18	chr17	7577557	AG	A	1.113	0.057	1	59	0
181018_M03829_0168_000000000-C4YCP	DNA-11319-CG001Qv40Run31-18	chr17	7579419	AG	A	0.866	0.395	1	59	0
181018_M03829_0168_000000000-C4YCP	DNA-11319-CG001Qv40Run31-19	chr7	55249012	C	CGGT	0.076	0.451	1	59	21
181018_M03829_0168_000000000-C4YCP	DNA-11319-CG001Qv40Run31-19	chr7	55242465	GGAATTAAGAGAAGCA	G	0.806	0.406	1	59	0
181018_M03829_0168_000000000-C4YCP	DNA-11319-CG001Qv40Run31-19	chr4	55141048	T	TA	0.876	0.165	3	57	0
181018_M03829_0168_000000000-C4YCP	DNA-11319-CG001Qv40Run31-19	chr17	7577557	AG	A	0.365	0.066	1	59	0
181018_M03829_0168_000000000-C4YCP	DNA-11319-CG001Qv40Run31-19	chr17	7579419	AG	A	1.027	0.391	2	58	4
181018_M03829_0168_000000000-C4YCP	DNA-11319-CG001Qv40Run31-20	chr7	55249012	C	CGGT	0.601	0.225	1	59	1
181018_M03829_0168_000000000-C4YCP	DNA-11319-CG001Qv40Run31-20	chr7	55242465	GGAATTAAGAGAAGCA	G	0.784	0.414	1	59	8
181018_M03829_0168_000000000-C4YCP	DNA-11319-CG001Qv40Run31-20	chr4	55141048	T	TA	0.456	0.19	2	58	0
181018_M03829_0168_000000000-C4YCP	DNA-11319-CG001Qv40Run31-20	chr17	7577557	AG	A	0.339	0.071	1	59	0
181018_M03829_0168_000000000-C4YCP	DNA-11319-CG001Qv40Run31-20	chr17	7579419	AG	A	0.363	0.614	1	59	0
181018_M03829_0168_000000000-C4YCP	DNA-11319-CG001Qv40Run31-21	chr7	55249012	C	CGGT	0.864	0.243	2	58	1
181018_M03829_0168_000000000-C4YCP	DNA-11319-CG001Qv40Run31-21	chr7	55242465	GGAATTAAGAGAAGCA	G	0.639	0.453	2	58	0
181018_M03829_0168_000000000-C4YCP	DNA-11319-CG001Qv40Run31-21	chr4	55141048	T	TA	0.196	0.286	1	59	6
181018_M03829_0168_000000000-C4YCP	DNA-11319-CG001Qv40Run31-21	chr17	7577557	AG	A	0.497	0.09	1	59	0
181018_M03829_0168_000000000-C4YCP	DNA-11319-CG001Qv40Run31-21	chr17	7579419	AG	A	0.78	0.413	2	58	0
181018_M03829_0168_000000000-C4YCP	DNA-11319-CG001Qv40Run31-23	chr7	55249012	C	CGGT	na	na	na	na	na
181018_M03829_0168_000000000-C4YCP	DNA-11319-CG001Qv40Run31-23	chr7	55242465	GGAATTAAGAGAAGCA	G	0.411	0.44	1	59	1
181018_M03829_0168_000000000-C4YCP	DNA-11319-CG001Qv40Run31-23	chr4	55141048	T	TA	0.191	0.19	2	58	0
181018_M03829_0168_000000000-C4YCP	DNA-11319-CG001Qv40Run31-23	chr17	7577557	AG	A	na	na	na	na	na
181018_M03829_0168_000000000-C4YCP	DNA-11319-CG001Qv40Run31-23	chr17	7579419	AG	A	na	na	na	na	na
181018_M03829_0168_000000000-C4YCP	DNA-11884-CG001Qv40Run31-24	chr7	55249012	C	CGGT	na	na	na	na	na
181018_M03829_0168_000000000-C4YCP	DNA-11884-CG001Qv40Run31-24	chr7	55242465	GGAATTAAGAGAAGCA	G	na	na	na	na	na
181018_M03829_0168_000000000-C4YCP	DNA-11884-CG001Qv40Run31-24	chr4	55141048	T	TA	na	na	na	na	na
181018_M03829_0168_000000000-C4YCP	DNA-11884-CG001Qv40Run31-24	chr17	7577557	AG	A	na	na	na	na	na
181018_M03829_0168_000000000-C4YCP	DNA-11884-CG001Qv40Run31-24	chr17	7579419	AG	A	0.099	0.509	2	58	1
191024_M02558_0334_000000000-CM9MH	DNA-17202-CG001Qv40Run137-4	chr7	55242464	AGGAATTAAGAGAAGC	A	na	na	na	na	na
191024_M02558_0334_000000000-CM9MH	DNA-17202-CG001Qv40Run137-4	chr7	55248998	A	ATGGCCAGCG	na	na	na	na	na
191024_M02558_0334_000000000-CM9MH	DNA-17203-CG001Qv40Run137-7	chr7	55242464	AGGAATTAAGAGAAGC	A	0.405	0.44	2	40	0
191024_M02558_0334_000000000-CM9MH	DNA-17203-CG001Qv40Run137-7	chr7	55248998	A	ATGGCCAGCG	0.259	0.481	1	41	0
191024_M02558_0334_000000000-CM9MH	DNA-17203-CG001Qv40Run137-8	chr7	55242464	AGGAATTAAGAGAAGC	A	0.978	0.417	1	41	0
191024_M02558_0334_000000000-CM9MH	DNA-17203-CG001Qv40Run137-8	chr7	55248998	A	ATGGCCAGCG	0.364	0.371	4	38	2
191024_M02558_0334_000000000-CM9MH	DNA-17203-CG001Qv40Run137-9	chr7	55242464	AGGAATTAAGAGAAGC	A	0.598	0.55	1	41	1
191024_M02558_0334_000000000-CM9MH	DNA-17203-CG001Qv40Run137-9	chr7	55248998	A	ATGGCCAGCG	0.027	1.351	3	39	1
191024_M02558_0334_000000000-CM9MH	DNA-17205-CG001Qv40Run137-10	chr7	55242464	AGGAATTAAGAGAAGC	A	0.062	2.388	1	41	3
191024_M02558_0334_000000000-CM9MH	DNA-17205-CG001Qv40Run137-10	chr7	55248998	A	ATGGCCAGCG	0.027	1.351	3	39	1
191024_M02558_0334_000000000-CM9MH	DNA-17203-CG001Qv40Run137-5	chr7	55242464	AGGAATTAAGAGAAGC	A	2.821	0.393	1	41	0
191024_M02558_0334_000000000-CM9MH	DNA-17203-CG001Qv40Run137-5	chr7	55248998	A	ATGGCCAGCG	2.105	0.377	1	41	0
191024_M02558_0334_000000000-CM9MH	DNA-17204-CG001Qv40Run137-6	chr7	55242464	AGGAATTAAGAGAAGC	A	1.869	0.397	1	41	0
191024_M02558_0334_000000000-CM9MH	DNA-17204-CG001Qv40Run137-6	chr7	55248998	A	ATGGCCAGCG	0.746	0.438	2	40	0
191024_M02558_0334_000000000-CM9MH	DNA-17203-CG001Qv40Run137-11	chr7	55242464	AGGAATTAAGAGAAGC	A	3.132	0.494	1	41	0
191024_M02558_0334_000000000-CM9MH	DNA-17203-CG001Qv40Run137-11	chr7	55248998	A	ATGGCCAGCG	1.506	0.371	4	38	2
191024_M02558_0334_000000000-CM9MH	DNA-17204-CG001Qv40Run137-12	chr7	55242464	AGGAATTAAGAGAAGC	A	1.592	0.438	2	40	0
191024_M02558_0334_000000000-CM9MH	DNA-17204-CG001Qv40Run137-12	chr7	55248998	A	ATGGCCAGCG	1.137	0.382	1	41	0
191024_M02558_0334_000000000-CM9MH	DNA-17203-CG001Qv40Run137-13	chr7	55242464	AGGAATTAAGAGAAGC	A	1.337	0.486	1	41	0
191024_M02558_0334_000000000-CM9MH	DNA-17203-CG001Qv40Run137-13	chr7	55248998	A	ATGGCCAGCG	0.371	0.44	2	40	0
191024_M02558_0334_000000000-CM9MH	DNA-17203-CG001Qv40Run137-14	chr7	55242464	AGGAATTAAGAGAAGC	A	0.794	0.49	1	41	0
191024_M02558_0334_000000000-CM9MH	DNA-17203-CG001Qv40Run137-14	chr7	55248998	A	ATGGCCAGCG	0.358	0.461	1	41	0
191024_M02558_0334_000000000-CM9MH	DNA-17203-CG001Qv40Run137-15	chr7	55242464	AGGAATTAAGAGAAGC	A	0.472	0.431	1	41	43
191024_M02558_0334_000000000-CM9MH	DNA-17203-CG001Qv40Run137-15	chr7	55248998	A	ATGGCCAGCG	0.136	0.403	1	41	0
191024_M02558_0334_000000000-CM9MH	DNA-17205-CG001Qv40Run137-16	chr7	55242464	AGGAATTAAGAGAAGC	A	0.506	0.652	1	41	0
191024_M02558_0334_000000000-CM9MH	DNA-17205-CG001Qv40Run137-16	chr7	55248998	A	ATGGCCAGCG	0.034	2.351	1	41	1
191024_M02558_0334_000000000-CM9MH	DNA-17203-CG001Qv40Run137-20	chr7	55242464	AGGAATTAAGAGAAGC	A	0.587	1.028	1	41	0
191024_M02558_0334_000000000-CM9MH	DNA-17203-CG001Qv40Run137-20	chr7	55248998	A	ATGGCCAGCG	0.415	0.371	4	38	2
191024_M02558_0334_000000000-CM9MH	DNA-17203-CG001Qv40Run137-17	chr7	55242464	AGGAATTAAGAGAAGC	A	2.76	0.529	1	41	0
191024_M02558_0334_000000000-CM9MH	DNA-17203-CG001Qv40Run137-17	chr7	55248998	A	ATGGCCAGCG	1.376	0.371	4	38	2
191024_M02558_0334_000000000-CM9MH	DNA-17204-CG001Qv40Run137-18	chr7	55242464	AGGAATTAAGAGAAGC	A	1.61	0.429	1	41	0
191024_M02558_0334_000000000-CM9MH	DNA-17204-CG001Qv40Run137-18	chr7	55248998	A	ATGGCCAGCG	0.565	0.441	1	41	0
191024_M02558_0334_000000000-CM9MH	DNA-17203-CG001Qv40Run137-19	chr7	55242464	AGGAATTAAGAGAAGC	A	1.629	0.399	1	41	0
191024_M02558_0334_000000000-CM9MH	DNA-17203-CG001Qv40Run137-19	chr7	55248998	A	ATGGCCAGCG	0.699	0.363	1	41	1
191024_M02558_0334_000000000-CM9MH	DNA-17203-CG001Qv40Run137-21	chr7	55242464	AGGAATTAAGAGAAGC	A	1.009	0.505	1	41	0
191024_M02558_0334_000000000-CM9MH	DNA-17203-CG001Qv40Run137-21	chr7	55248998	A	ATGGCCAGCG	0.145	0.416	1	41	0
191024_M02558_0334_000000000-CM9MH	DNA-17205-CG001Qv40Run137-22	chr7	55242464	AGGAATTAAGAGAAGC	A	0.189	0.516	1	41	1
191024_M02558_0334_000000000-CM9MH	DNA-17205-CG001Qv40Run137-22	chr7	55248998	A	ATGGCCAGCG	0.031	1.351	3	39	1
191024_M02558_0334_000000000-CM9MH	DNA-17203-CG001Qv40Run137-23	chr7	55242464	AGGAATTAAGAGAAGC	A	0.384	0.574	1	41	21
191024_M02558_0334_000000000-CM9MH	DNA-17203-CG001Qv40Run137-23	chr7	55248998	A	ATGGCCAGCG	0.354	0.373	1	41	0
191024_M02558_0334_000000000-CM9MH	DNA-17203-CG001Qv40Run137-24	chr7	55242464	AGGAATTAAGAGAAGC	A	0.661	0.42	1	41	2
191024_M02558_0334_000000000-CM9MH	DNA-17203-CG001Qv40Run137-24	chr7	55248998	A	ATGGCCAGCG	0.098	0.48	1	41	0
191024_M03829_0259_000000000-CLVRT	DNA-17202-CG001Qv40Run138-4	chr7	55242464	AGGAATTAAGAGAAGC	A	na	na	na	na	na
191024_M03829_0259_000000000-CLVRT	DNA-17202-CG001Qv40Run138-4	chr7	55248998	A	ATGGCCAGCG	na	na	na	na	na
191024_M03829_0259_000000000-CLVRT	DNA-17203-CG001Qv40Run138-5	chr7	55242464	AGGAATTAAGAGAAGC	A	3.218	0.392	1	41	1
191024_M03829_0259_000000000-CLVRT	DNA-17203-CG001Qv40Run138-5	chr7	55248998	A	ATGGCCAGCG	1.937	0.364	2	40	2
191024_M03829_0259_000000000-CLVRT	DNA-17204-CG001Qv40Run138-6	chr7	55242464	AGGAATTAAGAGAAGC	A	1.491	0.398	1	41	17
191024_M03829_0259_000000000-CLVRT	DNA-17204-CG001Qv40Run138-6	chr7	55248998	A	ATGGCCAGCG	1.125	0.358	1	41	0
191024_M03829_0259_000000000-CLVRT	DNA-17203-CG001Qv40Run138-7	chr7	55242464	AGGAATTAAGAGAAGC	A	0.397	0.42	2	40	3
191024_M03829_0259_000000000-CLVRT	DNA-17203-CG001Qv40Run138-7	chr7	55248998	A	ATGGCCAGCG	0.703	0.36	1	41	1
191024_M03829_0259_000000000-CLVRT	DNA-17203-CG001Qv40Run138-8	chr7	55242464	AGGAATTAAGAGAAGC	A	1.227	0.52	1	41	0
191024_M03829_0259_000000000-CLVRT	DNA-17203-CG001Qv40Run138-8	chr7	55248998	A	ATGGCCAGCG	0.505	0.367	2	40	1
191024_M03829_0259_000000000-CLVRT	DNA-17203-CG001Qv40Run138-9	chr7	55242464	AGGAATTAAGAGAAGC	A	0.048	1.388	1	41	0
191024_M03829_0259_000000000-CLVRT	DNA-17203-CG001Qv40Run138-9	chr7	55248998	A	ATGGCCAGCG	0.558	0.367	2	40	1
191024_M03829_0259_000000000-CLVRT	DNA-17205-CG001Qv40Run138-10	chr7	55242464	AGGAATTAAGAGAAGC	A	na	na	na	na	na
191024_M03829_0259_000000000-CLVRT	DNA-17205-CG001Qv40Run138-10	chr7	55248998	A	ATGGCCAGCG	0.172	0.388	2	40	0
191024_M03829_0259_000000000-CLVRT	DNA-17203-CG001Qv40Run138-11	chr7	55242464	AGGAATTAAGAGAAGC	A	2.685	0.393	1	41	0
191024_M03829_0259_000000000-CLVRT	DNA-17203-CG001Qv40Run138-11	chr7	55248998	A	ATGGCCAGCG	1.0	0.359	2	40	2
191024_M03829_0259_000000000-CLVRT	DNA-17204-CG001Qv40Run138-12	chr7	55242464	AGGAATTAAGAGAAGC	A	1.606	0.43	1	41	0
191024_M03829_0259_000000000-CLVRT	DNA-17204-CG001Qv40Run138-12	chr7	55248998	A	ATGGCCAGCG	1.103	0.359	2	40	2
191024_M03829_0259_000000000-CLVRT	DNA-17203-CG001Qv40Run138-13	chr7	55242464	AGGAATTAAGAGAAGC	A	0.793	0.46	1	41	0
191024_M03829_0259_000000000-CLVRT	DNA-17203-CG001Qv40Run138-13	chr7	55248998	A	ATGGCCAGCG	0.291	0.375	1	41	0
191024_M03829_0259_000000000-CLVRT	DNA-17203-CG001Qv40Run138-14	chr7	55242464	AGGAATTAAGAGAAGC	A	0.916	0.409	1	41	0
191024_M03829_0259_000000000-CLVRT	DNA-17203-CG001Qv40Run138-14	chr7	55248998	A	ATGGCCAGCG	0.656	0.364	2	40	2
191024_M03829_0259_000000000-CLVRT	DNA-17203-CG001Qv40Run138-15	chr7	55242464	AGGAATTAAGAGAAGC	A	0.719	0.403	2	40	0
191024_M03829_0259_000000000-CLVRT	DNA-17203-CG001Qv40Run138-15	chr7	55248998	A	ATGGCCAGCG	0.107	0.403	2	40	0
191024_M03829_0259_000000000-CLVRT	DNA-17205-CG001Qv40Run138-16	chr7	55242464	AGGAATTAAGAGAAGC	A	na	na	na	na	na
191024_M03829_0259_000000000-CLVRT	DNA-17205-CG001Qv40Run138-16	chr7	55248998	A	ATGGCCAGCG	na	na	na	na	na
191024_M03829_0259_000000000-CLVRT	DNA-17203-CG001Qv40Run138-17	chr7	55242464	AGGAATTAAGAGAAGC	A	1.49	0.618	1	41	0
191024_M03829_0259_000000000-CLVRT	DNA-17203-CG001Qv40Run138-17	chr7	55248998	A	ATGGCCAGCG	0.1	0.416	2	40	0
191024_M03829_0259_000000000-CLVRT	DNA-17204-CG001Qv40Run138-18	chr7	55242464	AGGAATTAAGAGAAGC	A	na	na	na	na	na
191024_M03829_0259_000000000-CLVRT	DNA-17204-CG001Qv40Run138-18	chr7	55248998	A	ATGGCCAGCG	0.222	0.395	1	41	0
191024_M03829_0259_000000000-CLVRT	DNA-17203-CG001Qv40Run138-19	chr7	55242464	AGGAATTAAGAGAAGC	A	0.38	1.094	1	41	0
191024_M03829_0259_000000000-CLVRT	DNA-17203-CG001Qv40Run138-19	chr7	55248998	A	ATGGCCAGCG	na	na	na	na	na
191024_M03829_0259_000000000-CLVRT	DNA-17203-CG001Qv40Run138-20	chr7	55242464	AGGAATTAAGAGAAGC	A	0.697	0.766	1	41	2
191024_M03829_0259_000000000-CLVRT	DNA-17203-CG001Qv40Run138-20	chr7	55248998	A	ATGGCCAGCG	na	na	na	na	na
191024_M03829_0259_000000000-CLVRT	DNA-17203-CG001Qv40Run138-21	chr7	55242464	AGGAATTAAGAGAAGC	A	0.573	0.42	2	40	3
191024_M03829_0259_000000000-CLVRT	DNA-17203-CG001Qv40Run138-21	chr7	55248998	A	ATGGCCAGCG	na	na	na	na	na
191024_M03829_0259_000000000-CLVRT	DNA-17205-CG001Qv40Run138-22	chr7	55242464	AGGAATTAAGAGAAGC	A	na	na	na	na	na
191024_M03829_0259_000000000-CLVRT	DNA-17205-CG001Qv40Run138-22	chr7	55248998	A	ATGGCCAGCG	na	na	na	na	na
191024_M03829_0259_000000000-CLVRT	DNA-17203-CG001Qv40Run138-23	chr7	55242464	AGGAATTAAGAGAAGC	A	0.8	0.757	1	41	0
191024_M03829_0259_000000000-CLVRT	DNA-17203-CG001Qv40Run138-23	chr7	55248998	A	ATGGCCAGCG	0.189	0.388	2	40	0
191024_M03829_0259_000000000-CLVRT	DNA-17203-CG001Qv40Run138-24	chr7	55242464	AGGAATTAAGAGAAGC	A	0.923	0.402	1	41	1
191024_M03829_0259_000000000-CLVRT	DNA-17203-CG001Qv40Run138-24	chr7	55248998	A	ATGGCCAGCG	0.097	0.416	2	40	0
191104_M02558_0335_000000000-CN66N	DNA-17313-CG001Qv40Run142-6	chr7	55249012	C	CGGT	1.355	0.216	1	104	0
191104_M02558_0335_000000000-CN66N	DNA-17313-CG001Qv40Run142-6	chr7	55242465	GGAATTAAGAGAAGCA	G	1.758	0.398	2	103	15
191104_M02558_0335_000000000-CN66N	DNA-17313-CG001Qv40Run142-6	chr4	55141048	T	TA	1.602	0.161	1	104	0
191104_M02558_0335_000000000-CN66N	DNA-17313-CG001Qv40Run142-6	chr17	7577557	AG	A	0.799	0.072	1	104	0
191104_M02558_0335_000000000-CN66N	DNA-17313-CG001Qv40Run142-6	chr17	7579419	AG	A	na	na	na	na	na
191104_M02558_0335_000000000-CN66N	DNA-17310-CG001Qv40Run142-7	chr7	55249012	C	CGGT	1.08	0.217	1	104	0
191104_M02558_0335_000000000-CN66N	DNA-17310-CG001Qv40Run142-7	chr7	55242465	GGAATTAAGAGAAGCA	G	1.529	0.408	1	104	0
191104_M02558_0335_000000000-CN66N	DNA-17310-CG001Qv40Run142-7	chr4	55141048	T	TA	1.116	0.162	1	104	0
191104_M02558_0335_000000000-CN66N	DNA-17310-CG001Qv40Run142-7	chr17	7577557	AG	A	0.948	0.056	2	103	0
191104_M02558_0335_000000000-CN66N	DNA-17310-CG001Qv40Run142-7	chr17	7579419	AG	A	na	na	na	na	na
191104_M02558_0335_000000000-CN66N	DNA-17315-CG001Qv40Run142-8	chr7	55249012	C	CGGT	0.368	0.236	1	104	0
191104_M02558_0335_000000000-CN66N	DNA-17315-CG001Qv40Run142-8	chr7	55242465	GGAATTAAGAGAAGCA	G	2.095	0.409	2	103	0
191104_M02558_0335_000000000-CN66N	DNA-17315-CG001Qv40Run142-8	chr4	55141048	T	TA	1.29	0.178	1	104	0
191104_M02558_0335_000000000-CN66N	DNA-17315-CG001Qv40Run142-8	chr17	7577557	AG	A	0.534	0.08	1	104	0
191104_M02558_0335_000000000-CN66N	DNA-17315-CG001Qv40Run142-8	chr17	7579419	AG	A	na	na	na	na	na
191104_M02558_0335_000000000-CN66N	DNA-17317-CG001Qv40Run142-9	chr7	55249012	C	CGGT	na	na	na	na	na
191104_M02558_0335_000000000-CN66N	DNA-17317-CG001Qv40Run142-9	chr7	55242465	GGAATTAAGAGAAGCA	G	1.268	0.409	2	103	0
191104_M02558_0335_000000000-CN66N	DNA-17317-CG001Qv40Run142-9	chr4	55141048	T	TA	0.054	0.286	1	104	6
191104_M02558_0335_000000000-CN66N	DNA-17317-CG001Qv40Run142-9	chr17	7577557	AG	A	0.096	0.105	1	104	0
191104_M02558_0335_000000000-CN66N	DNA-17317-CG001Qv40Run142-9	chr17	7579419	AG	A	na	na	na	na	na
191104_M02558_0335_000000000-CN66N	DNA-17319-CG001Qv40Run142-10	chr7	55249012	C	CGGT	na	na	na	na	na
191104_M02558_0335_000000000-CN66N	DNA-17319-CG001Qv40Run142-10	chr7	55242465	GGAATTAAGAGAAGCA	G	0.451	0.44	1	104	0
191104_M02558_0335_000000000-CN66N	DNA-17319-CG001Qv40Run142-10	chr4	55141048	T	TA	0.339	0.174	1	104	0
191104_M02558_0335_000000000-CN66N	DNA-17319-CG001Qv40Run142-10	chr17	7577557	AG	A	0.222	0.063	1	104	0
191104_M02558_0335_000000000-CN66N	DNA-17319-CG001Qv40Run142-10	chr17	7579419	AG	A	na	na	na	na	na
191104_M02558_0335_000000000-CN66N	DNA-17310-CG001Qv40Run142-11	chr7	55249012	C	CGGT	2.242	0.221	1	104	0
191104_M02558_0335_000000000-CN66N	DNA-17310-CG001Qv40Run142-11	chr7	55242465	GGAATTAAGAGAAGCA	G	3.885	0.428	1	104	0
191104_M02558_0335_000000000-CN66N	DNA-17310-CG001Qv40Run142-11	chr4	55141048	T	TA	2.06	0.16	1	104	0
191104_M02558_0335_000000000-CN66N	DNA-17310-CG001Qv40Run142-11	chr17	7577557	AG	A	1.916	0.054	2	103	0
191104_M02558_0335_000000000-CN66N	DNA-17310-CG001Qv40Run142-11	chr17	7579419	AG	A	na	na	na	na	na
191104_M02558_0335_000000000-CN66N	DNA-17313-CG001Qv40Run142-12	chr7	55249012	C	CGGT	0.13	0.276	2	103	0
191104_M02558_0335_000000000-CN66N	DNA-17313-CG001Qv40Run142-12	chr7	55242465	GGAATTAAGAGAAGCA	G	0.257	0.474	1	104	0
191104_M02558_0335_000000000-CN66N	DNA-17313-CG001Qv40Run142-12	chr4	55141048	T	TA	0.824	0.2	1	104	0
191104_M02558_0335_000000000-CN66N	DNA-17313-CG001Qv40Run142-12	chr17	7577557	AG	A	0.31	0.064	1	104	0
191104_M02558_0335_000000000-CN66N	DNA-17313-CG001Qv40Run142-12	chr17	7579419	AG	A	na	na	na	na	na
191104_M02558_0335_000000000-CN66N	DNA-17310-CG001Qv40Run142-13	chr7	55249012	C	CGGT	0.739	0.253	1	104	0
191104_M02558_0335_000000000-CN66N	DNA-17310-CG001Qv40Run142-13	chr7	55242465	GGAATTAAGAGAAGCA	G	1.737	0.401	1	104	0
191104_M02558_0335_000000000-CN66N	DNA-17310-CG001Qv40Run142-13	chr4	55141048	T	TA	1.305	0.177	1	104	0
191104_M02558_0335_000000000-CN66N	DNA-17310-CG001Qv40Run142-13	chr17	7577557	AG	A	0.657	0.057	2	103	0
191104_M02558_0335_000000000-CN66N	DNA-17310-CG001Qv40Run142-13	chr17	7579419	AG	A	na	na	na	na	na
191104_M02558_0335_000000000-CN66N	DNA-17315-CG001Qv40Run142-14	chr7	55249012	C	CGGT	0.691	0.225	2	103	0
191104_M02558_0335_000000000-CN66N	DNA-17315-CG001Qv40Run142-14	chr7	55242465	GGAATTAAGAGAAGCA	G	na	na	na	na	na
191104_M02558_0335_000000000-CN66N	DNA-17315-CG001Qv40Run142-14	chr4	55141048	T	TA	0.366	0.175	1	104	0
191104_M02558_0335_000000000-CN66N	DNA-17315-CG001Qv40Run142-14	chr17	7577557	AG	A	0.836	0.085	1	104	1
191104_M02558_0335_000000000-CN66N	DNA-17315-CG001Qv40Run142-14	chr17	7579419	AG	A	na	na	na	na	na
191104_M02558_0335_000000000-CN66N	DNA-17317-CG001Qv40Run142-15	chr7	55249012	C	CGGT	0.318	0.243	2	103	0
191104_M02558_0335_000000000-CN66N	DNA-17317-CG001Qv40Run142-15	chr7	55242465	GGAATTAAGAGAAGCA	G	0.207	0.628	1	104	0
191104_M02558_0335_000000000-CN66N	DNA-17317-CG001Qv40Run142-15	chr4	55141048	T	TA	0.438	0.172	1	104	0
191104_M02558_0335_000000000-CN66N	DNA-17317-CG001Qv40Run142-15	chr17	7577557	AG	A	0.164	0.081	1	104	0
191104_M02558_0335_000000000-CN66N	DNA-17317-CG001Qv40Run142-15	chr17	7579419	AG	A	na	na	na	na	na
191104_M02558_0335_000000000-CN66N	DNA-17319-CG001Qv40Run142-16	chr7	55249012	C	CGGT	0.139	0.276	2	103	0
191104_M02558_0335_000000000-CN66N	DNA-17319-CG001Qv40Run142-16	chr7	55242465	GGAATTAAGAGAAGCA	G	na	na	na	na	na
191104_M02558_0335_000000000-CN66N	DNA-17319-CG001Qv40Run142-16	chr4	55141048	T	TA	0.173	0.195	1	104	0
191104_M02558_0335_000000000-CN66N	DNA-17319-CG001Qv40Run142-16	chr17	7577557	AG	A	0.202	0.07	1	104	0
191104_M02558_0335_000000000-CN66N	DNA-17319-CG001Qv40Run142-16	chr17	7579419	AG	A	na	na	na	na	na
191104_M02558_0335_000000000-CN66N	DNA-17310-CG001Qv40Run142-17	chr7	55249012	C	CGGT	2.62	0.214	1	104	0
191104_M02558_0335_000000000-CN66N	DNA-17310-CG001Qv40Run142-17	chr7	55242465	GGAATTAAGAGAAGCA	G	4.803	0.395	1	104	0
191104_M02558_0335_000000000-CN66N	DNA-17310-CG001Qv40Run142-17	chr4	55141048	T	TA	3.76	0.173	1	104	0
191104_M02558_0335_000000000-CN66N	DNA-17310-CG001Qv40Run142-17	chr17	7577557	AG	A	1.689	0.055	1	104	0
191104_M02558_0335_000000000-CN66N	DNA-17310-CG001Qv40Run142-17	chr17	7579419	AG	A	na	na	na	na	na
191104_M02558_0335_000000000-CN66N	DNA-17313-CG001Qv40Run142-18	chr7	55249012	C	CGGT	0.999	0.218	2	103	0
191104_M02558_0335_000000000-CN66N	DNA-17313-CG001Qv40Run142-18	chr7	55242465	GGAATTAAGAGAAGCA	G	0.078	1.388	1	104	0
191104_M02558_0335_000000000-CN66N	DNA-17313-CG001Qv40Run142-18	chr4	55141048	T	TA	0.034	0.398	2	103	15
191104_M02558_0335_000000000-CN66N	DNA-17313-CG001Qv40Run142-18	chr17	7577557	AG	A	na	na	na	na	na
191104_M02558_0335_000000000-CN66N	DNA-17313-CG001Qv40Run142-18	chr17	7579419	AG	A	na	na	na	na	na
191104_M02558_0335_000000000-CN66N	DNA-17305-CG001Qv40Run142-4	chr7	55249012	C	CGGT	na	na	na	na	na
191104_M02558_0335_000000000-CN66N	DNA-17305-CG001Qv40Run142-4	chr7	55242465	GGAATTAAGAGAAGCA	G	na	na	na	na	na
191104_M02558_0335_000000000-CN66N	DNA-17305-CG001Qv40Run142-4	chr4	55141048	T	TA	na	na	na	na	na
191104_M02558_0335_000000000-CN66N	DNA-17305-CG001Qv40Run142-4	chr17	7577557	AG	A	na	na	na	na	na
191104_M02558_0335_000000000-CN66N	DNA-17305-CG001Qv40Run142-4	chr17	7579419	AG	A	na	na	na	na	na
191104_M02558_0335_000000000-CN66N	DNA-17310-CG001Qv40Run142-5	chr7	55249012	C	CGGT	1.914	0.225	2	103	0
191104_M02558_0335_000000000-CN66N	DNA-17310-CG001Qv40Run142-5	chr7	55242465	GGAATTAAGAGAAGCA	G	3.099	0.42	1	104	4
191104_M02558_0335_000000000-CN66N	DNA-17310-CG001Qv40Run142-5	chr4	55141048	T	TA	2.74	0.166	2	103	0
191104_M02558_0335_000000000-CN66N	DNA-17310-CG001Qv40Run142-5	chr17	7577557	AG	A	2.908	0.054	2	103	0
191104_M02558_0335_000000000-CN66N	DNA-17310-CG001Qv40Run142-5	chr17	7579419	AG	A	na	na	na	na	na
191104_M02558_0335_000000000-CN66N	DNA-17310-CG001Qv40Run142-19	chr7	55249012	C	CGGT	2.28	0.215	1	104	0
191104_M02558_0335_000000000-CN66N	DNA-17310-CG001Qv40Run142-19	chr7	55242465	GGAATTAAGAGAAGCA	G	1.852	0.405	2	103	0
191104_M02558_0335_000000000-CN66N	DNA-17310-CG001Qv40Run142-19	chr4	55141048	T	TA	na	na	na	na	na
191104_M02558_0335_000000000-CN66N	DNA-17310-CG001Qv40Run142-19	chr17	7577557	AG	A	1.376	0.056	2	103	0
191104_M02558_0335_000000000-CN66N	DNA-17310-CG001Qv40Run142-19	chr17	7579419	AG	A	na	na	na	na	na
191104_M02558_0335_000000000-CN66N	DNA-17315-CG001Qv40Run142-20	chr7	55249012	C	CGGT	0.666	0.227	1	104	0
191104_M02558_0335_000000000-CN66N	DNA-17315-CG001Qv40Run142-20	chr7	55242465	GGAATTAAGAGAAGCA	G	3.286	0.403	1	104	0
191104_M02558_0335_000000000-CN66N	DNA-17315-CG001Qv40Run142-20	chr4	55141048	T	TA	na	na	na	na	na
191104_M02558_0335_000000000-CN66N	DNA-17315-CG001Qv40Run142-20	chr17	7577557	AG	A	na	na	na	na	na
191104_M02558_0335_000000000-CN66N	DNA-17315-CG001Qv40Run142-20	chr17	7579419	AG	A	na	na	na	na	na
191104_M02558_0335_000000000-CN66N	DNA-17317-CG001Qv40Run142-21	chr7	55249012	C	CGGT	na	na	na	na	na
191104_M02558_0335_000000000-CN66N	DNA-17317-CG001Qv40Run142-21	chr7	55242465	GGAATTAAGAGAAGCA	G	na	na	na	na	na
191104_M02558_0335_000000000-CN66N	DNA-17317-CG001Qv40Run142-21	chr4	55141048	T	TA	0.937	0.165	1	104	0
191104_M02558_0335_000000000-CN66N	DNA-17317-CG001Qv40Run142-21	chr17	7577557	AG	A	na	na	na	na	na
191104_M02558_0335_000000000-CN66N	DNA-17317-CG001Qv40Run142-21	chr17	7579419	AG	A	na	na	na	na	na
191104_M02558_0335_000000000-CN66N	DNA-17319-CG001Qv40Run142-22	chr7	55249012	C	CGGT	na	na	na	na	na
191104_M02558_0335_000000000-CN66N	DNA-17319-CG001Qv40Run142-22	chr7	55242465	GGAATTAAGAGAAGCA	G	na	na	na	na	na
191104_M02558_0335_000000000-CN66N	DNA-17319-CG001Qv40Run142-22	chr4	55141048	T	TA	na	na	na	na	na
191104_M02558_0335_000000000-CN66N	DNA-17319-CG001Qv40Run142-22	chr17	7577557	AG	A	na	na	na	na	na
191104_M02558_0335_000000000-CN66N	DNA-17319-CG001Qv40Run142-22	chr17	7579419	AG	A	na	na	na	na	na
191104_M02558_0335_000000000-CN66N	DNA-17315-CG001Qv40Run142-23	chr7	55249012	C	CGGT	0.311	0.243	2	103	0
191104_M02558_0335_000000000-CN66N	DNA-17315-CG001Qv40Run142-23	chr7	55242465	GGAATTAAGAGAAGCA	G	2.389	0.405	2	103	0
191104_M02558_0335_000000000-CN66N	DNA-17315-CG001Qv40Run142-23	chr4	55141048	T	TA	0.734	0.166	2	103	0
191104_M02558_0335_000000000-CN66N	DNA-17315-CG001Qv40Run142-23	chr17	7577557	AG	A	0.707	0.057	2	103	0
191104_M02558_0335_000000000-CN66N	DNA-17315-CG001Qv40Run142-23	chr17	7579419	AG	A	na	na	na	na	na
191104_M02558_0335_000000000-CN66N	DNA-17315-CG001Qv40Run142-24	chr7	55249012	C	CGGT	0.996	0.218	2	103	0
191104_M02558_0335_000000000-CN66N	DNA-17315-CG001Qv40Run142-24	chr7	55242465	GGAATTAAGAGAAGCA	G	1.446	0.414	1	104	18
191104_M02558_0335_000000000-CN66N	DNA-17315-CG001Qv40Run142-24	chr4	55141048	T	TA	0.207	0.184	1	104	1
191104_M02558_0335_000000000-CN66N	DNA-17315-CG001Qv40Run142-24	chr17	7577557	AG	A	0.431	0.136	1	104	0
191104_M02558_0335_000000000-CN66N	DNA-17315-CG001Qv40Run142-24	chr17	7579419	AG	A	na	na	na	na	na
191129_M03829_0273_000000000-CN94V	DNA-17648-CG001Qv40Run149-7	chr7	55249012	C	CGGT	1.084	0.217	3	102	0
191129_M03829_0273_000000000-CN94V	DNA-17648-CG001Qv40Run149-7	chr7	55242465	GGAATTAAGAGAAGCA	G	1.257	0.466	1	104	0
191129_M03829_0273_000000000-CN94V	DNA-17648-CG001Qv40Run149-7	chr4	55141048	T	TA	1.05	0.163	2	103	0
191129_M03829_0273_000000000-CN94V	DNA-17648-CG001Qv40Run149-7	chr17	7577557	AG	A	0.928	0.056	4	101	0
191129_M03829_0273_000000000-CN94V	DNA-17648-CG001Qv40Run149-7	chr17	7579419	AG	A	na	na	na	na	na
191129_M03829_0273_000000000-CN94V	DNA-17656-CG001Qv40Run149-8	chr7	55249012	C	CGGT	0.487	0.224	1	104	12
191129_M03829_0273_000000000-CN94V	DNA-17656-CG001Qv40Run149-8	chr7	55242465	GGAATTAAGAGAAGCA	G	1.14	0.485	1	104	0
191129_M03829_0273_000000000-CN94V	DNA-17656-CG001Qv40Run149-8	chr4	55141048	T	TA	0.707	0.165	2	103	0
191129_M03829_0273_000000000-CN94V	DNA-17656-CG001Qv40Run149-8	chr17	7577557	AG	A	0.594	0.073	1	104	0
191129_M03829_0273_000000000-CN94V	DNA-17656-CG001Qv40Run149-8	chr17	7579419	AG	A	na	na	na	na	na
191129_M03829_0273_000000000-CN94V	DNA-17658-CG001Qv40Run149-9	chr7	55249012	C	CGGT	0.407	0.227	2	103	0
191129_M03829_0273_000000000-CN94V	DNA-17658-CG001Qv40Run149-9	chr7	55242465	GGAATTAAGAGAAGCA	G	0.651	0.542	1	104	0
191129_M03829_0273_000000000-CN94V	DNA-17658-CG001Qv40Run149-9	chr4	55141048	T	TA	0.227	0.25	1	104	0
191129_M03829_0273_000000000-CN94V	DNA-17658-CG001Qv40Run149-9	chr17	7577557	AG	A	0.274	0.065	1	104	0
191129_M03829_0273_000000000-CN94V	DNA-17658-CG001Qv40Run149-9	chr17	7579419	AG	A	na	na	na	na	na
191129_M03829_0273_000000000-CN94V	DNA-17648-CG001Qv40Run149-5	chr7	55249012	C	CGGT	1.629	0.225	1	104	0
191129_M03829_0273_000000000-CN94V	DNA-17648-CG001Qv40Run149-5	chr7	55242465	GGAATTAAGAGAAGCA	G	3.917	0.657	1	104	0
191129_M03829_0273_000000000-CN94V	DNA-17648-CG001Qv40Run149-5	chr4	55141048	T	TA	2.417	0.173	2	103	0
191129_M03829_0273_000000000-CN94V	DNA-17648-CG001Qv40Run149-5	chr17	7577557	AG	A	2.028	0.059	1	104	0
191129_M03829_0273_000000000-CN94V	DNA-17648-CG001Qv40Run149-5	chr17	7579419	AG	A	na	na	na	na	na
191129_M03829_0273_000000000-CN94V	DNA-17648-CG001Qv40Run149-13	chr7	55249012	C	CGGT	1.051	0.217	3	102	0
191129_M03829_0273_000000000-CN94V	DNA-17648-CG001Qv40Run149-13	chr7	55242465	GGAATTAAGAGAAGCA	G	1.74	1.032	1	104	0
191129_M03829_0273_000000000-CN94V	DNA-17648-CG001Qv40Run149-13	chr4	55141048	T	TA	0.84	0.165	2	103	0
191129_M03829_0273_000000000-CN94V	DNA-17648-CG001Qv40Run149-13	chr17	7577557	AG	A	0.974	0.056	4	101	0
191129_M03829_0273_000000000-CN94V	DNA-17648-CG001Qv40Run149-13	chr17	7579419	AG	A	na	na	na	na	na
191129_M03829_0273_000000000-CN94V	DNA-17660-CG001Qv40Run149-10	chr7	55249012	C	CGGT	0.113	0.243	1	104	0
191129_M03829_0273_000000000-CN94V	DNA-17660-CG001Qv40Run149-10	chr7	55242465	GGAATTAAGAGAAGCA	G	0.195	1.295	1	104	0
191129_M03829_0273_000000000-CN94V	DNA-17660-CG001Qv40Run149-10	chr4	55141048	T	TA	0.187	0.242	1	104	1
191129_M03829_0273_000000000-CN94V	DNA-17660-CG001Qv40Run149-10	chr17	7577557	AG	A	0.165	0.064	1	104	0
191129_M03829_0273_000000000-CN94V	DNA-17660-CG001Qv40Run149-10	chr17	7579419	AG	A	na	na	na	na	na
191129_M03829_0273_000000000-CN94V	DNA-17654-CG001Qv40Run149-12	chr7	55249012	C	CGGT	0.932	0.255	1	104	1
191129_M03829_0273_000000000-CN94V	DNA-17654-CG001Qv40Run149-12	chr7	55242465	GGAATTAAGAGAAGCA	G	1.144	1.404	1	104	2
191129_M03829_0273_000000000-CN94V	DNA-17654-CG001Qv40Run149-12	chr4	55141048	T	TA	1.047	0.173	2	103	0
191129_M03829_0273_000000000-CN94V	DNA-17654-CG001Qv40Run149-12	chr17	7577557	AG	A	1.013	0.055	2	103	0
191129_M03829_0273_000000000-CN94V	DNA-17654-CG001Qv40Run149-12	chr17	7579419	AG	A	na	na	na	na	na
191129_M03829_0273_000000000-CN94V	DNA-17660-CG001Qv40Run149-22	chr7	55249012	C	CGGT	na	na	na	na	na
191129_M03829_0273_000000000-CN94V	DNA-17660-CG001Qv40Run149-22	chr7	55242465	GGAATTAAGAGAAGCA	G	na	na	na	na	na
191129_M03829_0273_000000000-CN94V	DNA-17660-CG001Qv40Run149-22	chr4	55141048	T	TA	0.207	0.226	1	104	0
191129_M03829_0273_000000000-CN94V	DNA-17660-CG001Qv40Run149-22	chr17	7577557	AG	A	0.15	0.066	1	104	0
191129_M03829_0273_000000000-CN94V	DNA-17660-CG001Qv40Run149-22	chr17	7579419	AG	A	na	na	na	na	na
191129_M03829_0273_000000000-CN94V	DNA-17660-CG001Qv40Run149-16	chr7	55249012	C	CGGT	0.062	0.451	1	104	27
191129_M03829_0273_000000000-CN94V	DNA-17660-CG001Qv40Run149-16	chr7	55242465	GGAATTAAGAGAAGCA	G	0.161	1.388	1	104	0
191129_M03829_0273_000000000-CN94V	DNA-17660-CG001Qv40Run149-16	chr4	55141048	T	TA	0.149	0.223	1	104	1
191129_M03829_0273_000000000-CN94V	DNA-17660-CG001Qv40Run149-16	chr17	7577557	AG	A	0.304	0.074	1	104	0
191129_M03829_0273_000000000-CN94V	DNA-17660-CG001Qv40Run149-16	chr17	7579419	AG	A	na	na	na	na	na
191129_M03829_0273_000000000-CN94V	DNA-17648-CG001Qv40Run149-17	chr7	55249012	C	CGGT	2.255	0.214	1	104	0
191129_M03829_0273_000000000-CN94V	DNA-17648-CG001Qv40Run149-17	chr7	55242465	GGAATTAAGAGAAGCA	G	3.076	0.482	1	104	0
191129_M03829_0273_000000000-CN94V	DNA-17648-CG001Qv40Run149-17	chr4	55141048	T	TA	2.87	0.16	1	104	1
191129_M03829_0273_000000000-CN94V	DNA-17648-CG001Qv40Run149-17	chr17	7577557	AG	A	2.439	0.058	3	102	0
191129_M03829_0273_000000000-CN94V	DNA-17648-CG001Qv40Run149-17	chr17	7579419	AG	A	na	na	na	na	na
191129_M03829_0273_000000000-CN94V	DNA-17648-CG001Qv40Run149-19	chr7	55249012	C	CGGT	1.343	0.217	3	102	0
191129_M03829_0273_000000000-CN94V	DNA-17648-CG001Qv40Run149-19	chr7	55242465	GGAATTAAGAGAAGCA	G	2.087	0.402	3	102	1
191129_M03829_0273_000000000-CN94V	DNA-17648-CG001Qv40Run149-19	chr4	55141048	T	TA	1.503	0.162	5	100	0
191129_M03829_0273_000000000-CN94V	DNA-17648-CG001Qv40Run149-19	chr17	7577557	AG	A	1.093	0.056	4	101	0
191129_M03829_0273_000000000-CN94V	DNA-17648-CG001Qv40Run149-19	chr17	7579419	AG	A	na	na	na	na	na
191129_M03829_0273_000000000-CN94V	DNA-17656-CG001Qv40Run149-20	chr7	55249012	C	CGGT	0.728	0.219	1	104	0
191129_M03829_0273_000000000-CN94V	DNA-17656-CG001Qv40Run149-20	chr7	55242465	GGAATTAAGAGAAGCA	G	1.703	0.402	3	102	1
191129_M03829_0273_000000000-CN94V	DNA-17656-CG001Qv40Run149-20	chr4	55141048	T	TA	0.802	0.163	2	103	0
191129_M03829_0273_000000000-CN94V	DNA-17656-CG001Qv40Run149-20	chr17	7577557	AG	A	0.785	0.056	4	101	0
191129_M03829_0273_000000000-CN94V	DNA-17656-CG001Qv40Run149-20	chr17	7579419	AG	A	na	na	na	na	na
191129_M03829_0273_000000000-CN94V	DNA-17658-CG001Qv40Run149-21	chr7	55249012	C	CGGT	0.144	0.276	1	104	0
191129_M03829_0273_000000000-CN94V	DNA-17658-CG001Qv40Run149-21	chr7	55242465	GGAATTAAGAGAAGCA	G	0.471	0.44	1	104	0
191129_M03829_0273_000000000-CN94V	DNA-17658-CG001Qv40Run149-21	chr4	55141048	T	TA	0.186	0.184	1	104	0
191129_M03829_0273_000000000-CN94V	DNA-17658-CG001Qv40Run149-21	chr17	7577557	AG	A	0.308	0.149	1	104	0
191129_M03829_0273_000000000-CN94V	DNA-17658-CG001Qv40Run149-21	chr17	7579419	AG	A	na	na	na	na	na
191129_M03829_0273_000000000-CN94V	DNA-17651-CG001Qv40Run149-4	chr7	55249012	C	CGGT	na	na	na	na	na
191129_M03829_0273_000000000-CN94V	DNA-17651-CG001Qv40Run149-4	chr7	55242465	GGAATTAAGAGAAGCA	G	na	na	na	na	na
191129_M03829_0273_000000000-CN94V	DNA-17651-CG001Qv40Run149-4	chr4	55141048	T	TA	na	na	na	na	na
191129_M03829_0273_000000000-CN94V	DNA-17651-CG001Qv40Run149-4	chr17	7577557	AG	A	0.01	2.053	1	104	274
191129_M03829_0273_000000000-CN94V	DNA-17651-CG001Qv40Run149-4	chr17	7579419	AG	A	na	na	na	na	na
191129_M03829_0273_000000000-CN94V	DNA-17654-CG001Qv40Run149-6	chr7	55249012	C	CGGT	1.148	0.235	1	104	0
191129_M03829_0273_000000000-CN94V	DNA-17654-CG001Qv40Run149-6	chr7	55242465	GGAATTAAGAGAAGCA	G	1.886	0.433	1	104	0
191129_M03829_0273_000000000-CN94V	DNA-17654-CG001Qv40Run149-6	chr4	55141048	T	TA	1.233	0.162	5	100	0
191129_M03829_0273_000000000-CN94V	DNA-17654-CG001Qv40Run149-6	chr17	7577557	AG	A	1.141	0.077	1	104	0
191129_M03829_0273_000000000-CN94V	DNA-17654-CG001Qv40Run149-6	chr17	7579419	AG	A	na	na	na	na	na
191129_M03829_0273_000000000-CN94V	DNA-17648-CG001Qv40Run149-11	chr7	55249012	C	CGGT	2.275	0.227	2	103	0
191129_M03829_0273_000000000-CN94V	DNA-17648-CG001Qv40Run149-11	chr7	55242465	GGAATTAAGAGAAGCA	G	3.623	0.414	1	104	12
191129_M03829_0273_000000000-CN94V	DNA-17648-CG001Qv40Run149-11	chr4	55141048	T	TA	3.059	0.167	1	104	0
191129_M03829_0273_000000000-CN94V	DNA-17648-CG001Qv40Run149-11	chr17	7577557	AG	A	1.884	0.061	1	104	0
191129_M03829_0273_000000000-CN94V	DNA-17648-CG001Qv40Run149-11	chr17	7579419	AG	A	na	na	na	na	na
191129_M03829_0273_000000000-CN94V	DNA-17656-CG001Qv40Run149-14	chr7	55249012	C	CGGT	0.588	0.222	1	104	0
191129_M03829_0273_000000000-CN94V	DNA-17656-CG001Qv40Run149-14	chr7	55242465	GGAATTAAGAGAAGCA	G	1.685	0.402	3	102	1
191129_M03829_0273_000000000-CN94V	DNA-17656-CG001Qv40Run149-14	chr4	55141048	T	TA	0.715	0.166	1	104	0
191129_M03829_0273_000000000-CN94V	DNA-17656-CG001Qv40Run149-14	chr17	7577557	AG	A	0.499	0.058	3	102	0
191129_M03829_0273_000000000-CN94V	DNA-17656-CG001Qv40Run149-14	chr17	7579419	AG	A	na	na	na	na	na
191129_M03829_0273_000000000-CN94V	DNA-17654-CG001Qv40Run149-18	chr7	55249012	C	CGGT	1.433	0.229	1	104	3
191129_M03829_0273_000000000-CN94V	DNA-17654-CG001Qv40Run149-18	chr7	55242465	GGAATTAAGAGAAGCA	G	2.114	0.398	1	104	26
191129_M03829_0273_000000000-CN94V	DNA-17654-CG001Qv40Run149-18	chr4	55141048	T	TA	1.164	0.162	5	100	0
191129_M03829_0273_000000000-CN94V	DNA-17654-CG001Qv40Run149-18	chr17	7577557	AG	A	1.305	0.055	2	103	0
191129_M03829_0273_000000000-CN94V	DNA-17654-CG001Qv40Run149-18	chr17	7579419	AG	A	na	na	na	na	na
191129_M03829_0273_000000000-CN94V	DNA-17656-CG001Qv40Run149-23	chr7	55249012	C	CGGT	0.498	0.221	1	104	0
191129_M03829_0273_000000000-CN94V	DNA-17656-CG001Qv40Run149-23	chr7	55242465	GGAATTAAGAGAAGCA	G	0.786	0.411	1	104	0
191129_M03829_0273_000000000-CN94V	DNA-17656-CG001Qv40Run149-23	chr4	55141048	T	TA	0.943	0.162	5	100	0
191129_M03829_0273_000000000-CN94V	DNA-17656-CG001Qv40Run149-23	chr17	7577557	AG	A	0.635	0.067	1	104	0
191129_M03829_0273_000000000-CN94V	DNA-17656-CG001Qv40Run149-23	chr17	7579419	AG	A	na	na	na	na	na
191129_M03829_0273_000000000-CN94V	DNA-17656-CG001Qv40Run149-24	chr7	55249012	C	CGGT	0.248	0.239	1	104	0
191129_M03829_0273_000000000-CN94V	DNA-17656-CG001Qv40Run149-24	chr7	55242465	GGAATTAAGAGAAGCA	G	0.987	0.599	1	104	0
191129_M03829_0273_000000000-CN94V	DNA-17656-CG001Qv40Run149-24	chr4	55141048	T	TA	0.863	0.162	5	100	0
191129_M03829_0273_000000000-CN94V	DNA-17656-CG001Qv40Run149-24	chr17	7577557	AG	A	0.397	0.058	3	102	0
191129_M03829_0273_000000000-CN94V	DNA-17656-CG001Qv40Run149-24	chr17	7579419	AG	A	na	na	na	na	na
191129_M03829_0273_000000000-CN94V	DNA-17658-CG001Qv40Run149-15	chr7	55249012	C	CGGT	0.274	0.236	1	104	0
191129_M03829_0273_000000000-CN94V	DNA-17658-CG001Qv40Run149-15	chr7	55242465	GGAATTAAGAGAAGCA	G	0.188	1.128	1	104	2
191129_M03829_0273_000000000-CN94V	DNA-17658-CG001Qv40Run149-15	chr4	55141048	T	TA	0.133	0.21	1	104	0
191129_M03829_0273_000000000-CN94V	DNA-17658-CG001Qv40Run149-15	chr17	7577557	AG	A	0.319	0.07	1	104	0
191129_M03829_0273_000000000-CN94V	DNA-17658-CG001Qv40Run149-15	chr17	7579419	AG	A	na	na	na	na	na
200724_M02558_0382_000000000-J6WC6	DNA-17209-CG001Qv40Run198-18	chr7	55242464	AGGAATTAAGAGAAGC	A	0.186	0.969	1	13	0
200724_M02558_0382_000000000-J6WC6	DNA-17209-CG001Qv40Run198-18	chr7	55248998	A	ATGGCCAGCG	0.328	0.395	1	13	0
200724_M02558_0382_000000000-J6WC6	DNA-17209-CG001Qv40Run198-19	chr7	55242464	AGGAATTAAGAGAAGC	A	0.685	0.483	1	13	0
200724_M02558_0382_000000000-J6WC6	DNA-17209-CG001Qv40Run198-19	chr7	55248998	A	ATGGCCAGCG	na	na	na	na	na
200724_M02558_0382_000000000-J6WC6	DNA-17207-CG001Qv40Run198-20	chr7	55242464	AGGAATTAAGAGAAGC	A	na	na	na	na	na
200724_M02558_0382_000000000-J6WC6	DNA-17207-CG001Qv40Run198-20	chr7	55248998	A	ATGGCCAGCG	na	na	na	na	na
200724_M02558_0382_000000000-J6WC6	DNA-17208-CG001Qv40Run198-14	chr7	55242464	AGGAATTAAGAGAAGC	A	7.612	0.472	1	13	0
200724_M02558_0382_000000000-J6WC6	DNA-17208-CG001Qv40Run198-14	chr7	55248998	A	ATGGCCAGCG	3.836	0.377	2	12	0
200724_M02558_0382_000000000-J6WC6	DNA-17208-CG001Qv40Run198-15	chr7	55242464	AGGAATTAAGAGAAGC	A	3.218	0.803	1	13	0
200724_M02558_0382_000000000-J6WC6	DNA-17208-CG001Qv40Run198-15	chr7	55248998	A	ATGGCCAGCG	1.934	0.39	1	13	0
200724_M02558_0382_000000000-J6WC6	DNA-17209-CG001Qv40Run198-16	chr7	55242464	AGGAATTAAGAGAAGC	A	0.913	0.405	1	13	0
200724_M02558_0382_000000000-J6WC6	DNA-17209-CG001Qv40Run198-16	chr7	55248998	A	ATGGCCAGCG	0.773	0.389	1	13	2
200724_M02558_0382_000000000-J6WC6	DNA-17209-CG001Qv40Run198-17	chr7	55242464	AGGAATTAAGAGAAGC	A	1.651	0.463	1	13	0
200724_M02558_0382_000000000-J6WC6	DNA-17209-CG001Qv40Run198-17	chr7	55248998	A	ATGGCCAGCG	0.354	0.377	2	12	0
200729_M03829_0340_000000000-J6PLW	DNA-17209-CG001Qv40Run199-18	chr7	55242464	AGGAATTAAGAGAAGC	A	0.474	0.464	1	13	0
200729_M03829_0340_000000000-J6PLW	DNA-17209-CG001Qv40Run199-18	chr7	55248998	A	ATGGCCAGCG	0.328	0.51	1	13	0
200729_M03829_0340_000000000-J6PLW	DNA-17208-CG001Qv40Run199-14	chr7	55242464	AGGAATTAAGAGAAGC	A	7.572	0.434	1	13	0
200729_M03829_0340_000000000-J6PLW	DNA-17208-CG001Qv40Run199-14	chr7	55248998	A	ATGGCCAGCG	3.087	0.376	1	13	0
200729_M03829_0340_000000000-J6PLW	DNA-17208-CG001Qv40Run199-15	chr7	55242464	AGGAATTAAGAGAAGC	A	4.077	0.477	1	13	1
200729_M03829_0340_000000000-J6PLW	DNA-17208-CG001Qv40Run199-15	chr7	55248998	A	ATGGCCAGCG	1.582	0.385	1	13	0
200729_M03829_0340_000000000-J6PLW	DNA-17209-CG001Qv40Run199-16	chr7	55242464	AGGAATTAAGAGAAGC	A	1.051	0.401	1	13	0
200729_M03829_0340_000000000-J6PLW	DNA-17209-CG001Qv40Run199-16	chr7	55248998	A	ATGGCCAGCG	0.905	0.359	1	13	0
200729_M03829_0340_000000000-J6PLW	DNA-17209-CG001Qv40Run199-17	chr7	55242464	AGGAATTAAGAGAAGC	A	1.078	0.427	1	13	0
200729_M03829_0340_000000000-J6PLW	DNA-17209-CG001Qv40Run199-17	chr7	55248998	A	ATGGCCAGCG	0.28	0.37	1	13	0
200729_M03829_0340_000000000-J6PLW	DNA-17209-CG001Qv40Run199-19	chr7	55242464	AGGAATTAAGAGAAGC	A	0.154	0.516	1	13	0
200729_M03829_0340_000000000-J6PLW	DNA-17209-CG001Qv40Run199-19	chr7	55248998	A	ATGGCCAGCG	0.182	0.384	1	13	0
200729_M03829_0340_000000000-J6PLW	DNA-17207-CG001Qv40Run199-20	chr7	55242464	AGGAATTAAGAGAAGC	A	na	na	na	na	na
200729_M03829_0340_000000000-J6PLW	DNA-17207-CG001Qv40Run199-20	chr7	55248998	A	ATGGCCAGCG	na	na	na	na	na
210105_M03829_0392_000000000-JDJMF	DNA-25953-CG001Qv42Run255-5	chr7	55242464	AGGAATTAAGAGAAGC	A	11.348	0.428	1	41	0
210105_M03829_0392_000000000-JDJMF	DNA-25953-CG001Qv42Run255-5	chr7	55248998	A	ATGGCCAGCG	1.167	0.441	1	41	0
210105_M03829_0392_000000000-JDJMF	DNA-25954-CG001Qv42Run255-6	chr7	55242464	AGGAATTAAGAGAAGC	A	1.16	0.406	2	40	0
210105_M03829_0392_000000000-JDJMF	DNA-25954-CG001Qv42Run255-6	chr7	55248998	A	ATGGCCAGCG	0.537	0.415	1	41	1
210105_M03829_0392_000000000-JDJMF	DNA-25955-CG001Qv42Run255-7	chr7	55242464	AGGAATTAAGAGAAGC	A	1.841	0.404	1	41	1
210105_M03829_0392_000000000-JDJMF	DNA-25955-CG001Qv42Run255-7	chr7	55248998	A	ATGGCCAGCG	0.569	0.417	1	41	0
210105_M03829_0392_000000000-JDJMF	DNA-25956-CG001Qv42Run255-8	chr7	55242464	AGGAATTAAGAGAAGC	A	na	na	na	na	na
210105_M03829_0392_000000000-JDJMF	DNA-25956-CG001Qv42Run255-8	chr7	55248998	A	ATGGCCAGCG	0.719	0.409	2	40	0
210105_M03829_0392_000000000-JDJMF	DNA-25957-CG001Qv42Run255-9	chr7	55242464	AGGAATTAAGAGAAGC	A	0.53	0.44	1	41	0
210105_M03829_0392_000000000-JDJMF	DNA-25957-CG001Qv42Run255-9	chr7	55248998	A	ATGGCCAGCG	na	na	na	na	na
210105_M03829_0392_000000000-JDJMF	DNA-25951-CG001Qv42Run255-10	chr7	55242464	AGGAATTAAGAGAAGC	A	na	na	na	na	na
210105_M03829_0392_000000000-JDJMF	DNA-25951-CG001Qv42Run255-10	chr7	55248998	A	ATGGCCAGCG	na	na	na	na	na
210105_M03829_0392_000000000-JDJMF	DNA-25952-CG001Qv42Run255-11	chr7	55242464	AGGAATTAAGAGAAGC	A	4.461	0.392	1	41	0
210105_M03829_0392_000000000-JDJMF	DNA-25952-CG001Qv42Run255-11	chr7	55248998	A	ATGGCCAGCG	4.261	0.376	1	41	0
210105_M03829_0392_000000000-JDJMF	DNA-25953-CG001Qv42Run255-12	chr7	55242464	AGGAATTAAGAGAAGC	A	8.275	0.507	1	41	0
210105_M03829_0392_000000000-JDJMF	DNA-25953-CG001Qv42Run255-12	chr7	55248998	A	ATGGCCAGCG	2.002	0.368	1	41	0
210105_M03829_0392_000000000-JDJMF	DNA-25954-CG001Qv42Run255-13	chr7	55242464	AGGAATTAAGAGAAGC	A	2.408	0.515	1	41	0
210105_M03829_0392_000000000-JDJMF	DNA-25954-CG001Qv42Run255-13	chr7	55248998	A	ATGGCCAGCG	1.122	0.356	1	41	0
210105_M03829_0392_000000000-JDJMF	DNA-25955-CG001Qv42Run255-14	chr7	55242464	AGGAATTAAGAGAAGC	A	2.33	0.453	1	41	0
210105_M03829_0392_000000000-JDJMF	DNA-25955-CG001Qv42Run255-14	chr7	55248998	A	ATGGCCAGCG	1.311	0.39	2	40	0
210105_M03829_0392_000000000-JDJMF	DNA-25956-CG001Qv42Run255-15	chr7	55242464	AGGAATTAAGAGAAGC	A	0.755	0.577	1	41	0
210105_M03829_0392_000000000-JDJMF	DNA-25956-CG001Qv42Run255-15	chr7	55248998	A	ATGGCCAGCG	0.214	0.416	1	41	0
210105_M03829_0392_000000000-JDJMF	DNA-25957-CG001Qv42Run255-16	chr7	55242464	AGGAATTAAGAGAAGC	A	na	na	na	na	na
210105_M03829_0392_000000000-JDJMF	DNA-25957-CG001Qv42Run255-16	chr7	55248998	A	ATGGCCAGCG	0.388	0.409	2	40	0
210105_M03829_0392_000000000-JDJMF	DNA-25951-CG001Qv42Run255-17	chr7	55242464	AGGAATTAAGAGAAGC	A	na	na	na	na	na
210105_M03829_0392_000000000-JDJMF	DNA-25951-CG001Qv42Run255-17	chr7	55248998	A	ATGGCCAGCG	na	na	na	na	na
210105_M03829_0392_000000000-JDJMF	DNA-25952-CG001Qv42Run255-18	chr7	55242464	AGGAATTAAGAGAAGC	A	7.294	0.472	1	41	0
210105_M03829_0392_000000000-JDJMF	DNA-25952-CG001Qv42Run255-18	chr7	55248998	A	ATGGCCAGCG	5.311	0.373	1	41	0
210105_M03829_0392_000000000-JDJMF	DNA-25953-CG001Qv42Run255-19	chr7	55242464	AGGAATTAAGAGAAGC	A	5.604	0.432	1	41	0
210105_M03829_0392_000000000-JDJMF	DNA-25953-CG001Qv42Run255-19	chr7	55248998	A	ATGGCCAGCG	2.11	0.374	1	41	0
210105_M03829_0392_000000000-JDJMF	DNA-25954-CG001Qv42Run255-20	chr7	55242464	AGGAATTAAGAGAAGC	A	3.327	0.406	2	40	0
210105_M03829_0392_000000000-JDJMF	DNA-25954-CG001Qv42Run255-20	chr7	55248998	A	ATGGCCAGCG	2.224	0.388	2	40	0
210105_M03829_0392_000000000-JDJMF	DNA-25955-CG001Qv42Run255-21	chr7	55242464	AGGAATTAAGAGAAGC	A	1.215	0.414	1	41	10
210105_M03829_0392_000000000-JDJMF	DNA-25955-CG001Qv42Run255-21	chr7	55248998	A	ATGGCCAGCG	0.338	0.388	2	40	0
210105_M03829_0392_000000000-JDJMF	DNA-25956-CG001Qv42Run255-22	chr7	55242464	AGGAATTAAGAGAAGC	A	1.263	0.506	1	41	0
210105_M03829_0392_000000000-JDJMF	DNA-25956-CG001Qv42Run255-22	chr7	55248998	A	ATGGCCAGCG	0.897	0.366	1	41	11
210105_M03829_0392_000000000-JDJMF	DNA-25957-CG001Qv42Run255-23	chr7	55242464	AGGAATTAAGAGAAGC	A	1.03	0.431	1	41	56
210105_M03829_0392_000000000-JDJMF	DNA-25957-CG001Qv42Run255-23	chr7	55248998	A	ATGGCCAGCG	0.975	0.402	1	41	0
210105_M03829_0392_000000000-JDJMF	DNA-25951-CG001Qv42Run255-24	chr7	55242464	AGGAATTAAGAGAAGC	A	na	na	na	na	na
210105_M03829_0392_000000000-JDJMF	DNA-25951-CG001Qv42Run255-24	chr7	55248998	A	ATGGCCAGCG	na	na	na	na	na
210105_M03829_0392_000000000-JDJMF	DNA-25952-CG001Qv42Run255-4	chr7	55242464	AGGAATTAAGAGAAGC	A	14.218	0.39	2	40	0
210105_M03829_0392_000000000-JDJMF	DNA-25952-CG001Qv42Run255-4	chr7	55248998	A	ATGGCCAGCG	6.185	0.391	1	41	1
210106_M03829_0393_000000000-JFVRG	DNA-25954-CG001Qv42Run256-6	chr7	55242464	AGGAATTAAGAGAAGC	A	4.016	0.403	2	40	0
210106_M03829_0393_000000000-JFVRG	DNA-25954-CG001Qv42Run256-6	chr7	55248998	A	ATGGCCAGCG	1.569	0.416	1	41	0
210106_M03829_0393_000000000-JFVRG	DNA-25955-CG001Qv42Run256-7	chr7	55242464	AGGAATTAAGAGAAGC	A	0.678	0.409	1	41	0
210106_M03829_0393_000000000-JFVRG	DNA-25955-CG001Qv42Run256-7	chr7	55248998	A	ATGGCCAGCG	0.796	0.389	1	41	0
210106_M03829_0393_000000000-JFVRG	DNA-25956-CG001Qv42Run256-8	chr7	55242464	AGGAATTAAGAGAAGC	A	1.756	0.401	1	41	0
210106_M03829_0393_000000000-JFVRG	DNA-25956-CG001Qv42Run256-8	chr7	55248998	A	ATGGCCAGCG	0.373	0.438	1	41	0
210106_M03829_0393_000000000-JFVRG	DNA-25957-CG001Qv42Run256-9	chr7	55242464	AGGAATTAAGAGAAGC	A	0.329	0.62	1	41	0
210106_M03829_0393_000000000-JFVRG	DNA-25957-CG001Qv42Run256-9	chr7	55248998	A	ATGGCCAGCG	0.342	0.377	1	41	1
210106_M03829_0393_000000000-JFVRG	DNA-25951-CG001Qv42Run256-10	chr7	55242464	AGGAATTAAGAGAAGC	A	na	na	na	na	na
210106_M03829_0393_000000000-JFVRG	DNA-25951-CG001Qv42Run256-10	chr7	55248998	A	ATGGCCAGCG	na	na	na	na	na
210106_M03829_0393_000000000-JFVRG	DNA-25952-CG001Qv42Run256-11	chr7	55242464	AGGAATTAAGAGAAGC	A	6.303	0.398	2	40	13
210106_M03829_0393_000000000-JFVRG	DNA-25952-CG001Qv42Run256-11	chr7	55248998	A	ATGGCCAGCG	5.085	0.374	1	41	0
210106_M03829_0393_000000000-JFVRG	DNA-25953-CG001Qv42Run256-12	chr7	55242464	AGGAATTAAGAGAAGC	A	4.568	0.486	1	41	0
210106_M03829_0393_000000000-JFVRG	DNA-25953-CG001Qv42Run256-12	chr7	55248998	A	ATGGCCAGCG	1.526	0.359	1	41	0
210106_M03829_0393_000000000-JFVRG	DNA-25954-CG001Qv42Run256-13	chr7	55242464	AGGAATTAAGAGAAGC	A	1.434	0.425	2	40	2
210106_M03829_0393_000000000-JFVRG	DNA-25954-CG001Qv42Run256-13	chr7	55248998	A	ATGGCCAGCG	1.592	0.393	1	41	0
210106_M03829_0393_000000000-JFVRG	DNA-25955-CG001Qv42Run256-14	chr7	55242464	AGGAATTAAGAGAAGC	A	1.919	0.398	2	40	13
210106_M03829_0393_000000000-JFVRG	DNA-25955-CG001Qv42Run256-14	chr7	55248998	A	ATGGCCAGCG	0.546	0.37	1	41	0
210106_M03829_0393_000000000-JFVRG	DNA-25956-CG001Qv42Run256-15	chr7	55242464	AGGAATTAAGAGAAGC	A	0.674	0.628	1	41	0
210106_M03829_0393_000000000-JFVRG	DNA-25956-CG001Qv42Run256-15	chr7	55248998	A	ATGGCCAGCG	0.541	0.403	2	40	0
210106_M03829_0393_000000000-JFVRG	DNA-25952-CG001Qv42Run256-4	chr7	55242464	AGGAATTAAGAGAAGC	A	6.947	0.509	1	41	1
210106_M03829_0393_000000000-JFVRG	DNA-25952-CG001Qv42Run256-4	chr7	55248998	A	ATGGCCAGCG	3.376	0.376	1	41	0
210106_M03829_0393_000000000-JFVRG	DNA-25953-CG001Qv42Run256-5	chr7	55242464	AGGAATTAAGAGAAGC	A	4.379	0.622	1	41	0
210106_M03829_0393_000000000-JFVRG	DNA-25953-CG001Qv42Run256-5	chr7	55248998	A	ATGGCCAGCG	1.508	0.367	1	41	0
210106_M03829_0393_000000000-JFVRG	DNA-25952-CG001Qv42Run256-18	chr7	55242464	AGGAATTAAGAGAAGC	A	9.15	0.475	1	41	0
210106_M03829_0393_000000000-JFVRG	DNA-25952-CG001Qv42Run256-18	chr7	55248998	A	ATGGCCAGCG	3.818	0.368	1	41	0
210106_M03829_0393_000000000-JFVRG	DNA-25953-CG001Qv42Run256-19	chr7	55242464	AGGAATTAAGAGAAGC	A	5.778	0.516	1	41	0
210106_M03829_0393_000000000-JFVRG	DNA-25953-CG001Qv42Run256-19	chr7	55248998	A	ATGGCCAGCG	2.2	0.379	1	41	0
210106_M03829_0393_000000000-JFVRG	DNA-25954-CG001Qv42Run256-20	chr7	55242464	AGGAATTAAGAGAAGC	A	3.021	0.425	2	40	2
210106_M03829_0393_000000000-JFVRG	DNA-25954-CG001Qv42Run256-20	chr7	55248998	A	ATGGCCAGCG	1.54	0.38	1	41	0
210106_M03829_0393_000000000-JFVRG	DNA-25955-CG001Qv42Run256-21	chr7	55242464	AGGAATTAAGAGAAGC	A	1.481	0.402	1	41	0
210106_M03829_0393_000000000-JFVRG	DNA-25955-CG001Qv42Run256-21	chr7	55248998	A	ATGGCCAGCG	0.503	0.371	1	41	1
210106_M03829_0393_000000000-JFVRG	DNA-25956-CG001Qv42Run256-22	chr7	55242464	AGGAATTAAGAGAAGC	A	1.73	0.635	1	41	0
210106_M03829_0393_000000000-JFVRG	DNA-25956-CG001Qv42Run256-22	chr7	55248998	A	ATGGCCAGCG	0.66	0.369	1	41	0
210106_M03829_0393_000000000-JFVRG	DNA-25957-CG001Qv42Run256-23	chr7	55242464	AGGAATTAAGAGAAGC	A	0.329	0.85	1	41	0
210106_M03829_0393_000000000-JFVRG	DNA-25957-CG001Qv42Run256-23	chr7	55248998	A	ATGGCCAGCG	0.588	0.446	1	41	0
210106_M03829_0393_000000000-JFVRG	DNA-25951-CG001Qv42Run256-24	chr7	55242464	AGGAATTAAGAGAAGC	A	na	na	na	na	na
210106_M03829_0393_000000000-JFVRG	DNA-25951-CG001Qv42Run256-24	chr7	55248998	A	ATGGCCAGCG	na	na	na	na	na
210106_M03829_0393_000000000-JFVRG	DNA-25957-CG001Qv42Run256-16	chr7	55242464	AGGAATTAAGAGAAGC	A	0.573	0.453	1	41	0
210106_M03829_0393_000000000-JFVRG	DNA-25957-CG001Qv42Run256-16	chr7	55248998	A	ATGGCCAGCG	0.346	0.541	1	41	1
210106_M03829_0393_000000000-JFVRG	DNA-25951-CG001Qv42Run256-17	chr7	55242464	AGGAATTAAGAGAAGC	A	na	na	na	na	na
210106_M03829_0393_000000000-JFVRG	DNA-25951-CG001Qv42Run256-17	chr7	55248998	A	ATGGCCAGCG	na	na	na	na	na
210118_M02558_0435_000000000-JGL96	DNA-25992-CG001Qv42Run260-4	chr7	55242464	AGGAATTAAGAGAAGC	A	6.351	0.391	2	40	5
210118_M02558_0435_000000000-JGL96	DNA-25992-CG001Qv42Run260-4	chr7	55248998	A	ATGGCCAGCG	4.752	0.353	1	41	0
210118_M02558_0435_000000000-JGL96	DNA-26200-CG001Qv42Run260-5	chr7	55242464	AGGAATTAAGAGAAGC	A	4.548	0.527	1	41	0
210118_M02558_0435_000000000-JGL96	DNA-26200-CG001Qv42Run260-5	chr7	55248998	A	ATGGCCAGCG	1.359	0.379	1	41	0
210118_M02558_0435_000000000-JGL96	DNA-25997-CG001Qv42Run260-7	chr7	55242464	AGGAATTAAGAGAAGC	A	2.087	0.397	2	40	0
210118_M02558_0435_000000000-JGL96	DNA-25997-CG001Qv42Run260-7	chr7	55248998	A	ATGGCCAGCG	0.74	0.364	2	40	0
210118_M02558_0435_000000000-JGL96	DNA-26202-CG001Qv42Run260-8	chr7	55242464	AGGAATTAAGAGAAGC	A	0.679	0.42	1	41	2
210118_M02558_0435_000000000-JGL96	DNA-26202-CG001Qv42Run260-8	chr7	55248998	A	ATGGCCAGCG	0.708	0.365	1	41	0
210118_M02558_0435_000000000-JGL96	DNA-26207-CG001Qv42Run260-9	chr7	55242464	AGGAATTAAGAGAAGC	A	0.929	0.742	2	40	0
210118_M02558_0435_000000000-JGL96	DNA-26207-CG001Qv42Run260-9	chr7	55248998	A	ATGGCCAGCG	0.166	0.403	1	41	0
210118_M02558_0435_000000000-JGL96	DNA-25987-CG001Qv42Run260-10	chr7	55242464	AGGAATTAAGAGAAGC	A	na	na	na	na	na
210118_M02558_0435_000000000-JGL96	DNA-25987-CG001Qv42Run260-10	chr7	55248998	A	ATGGCCAGCG	na	na	na	na	na
210118_M02558_0435_000000000-JGL96	DNA-26200-CG001Qv42Run260-12	chr7	55242464	AGGAATTAAGAGAAGC	A	4.324	0.406	2	40	1
210118_M02558_0435_000000000-JGL96	DNA-26200-CG001Qv42Run260-12	chr7	55248998	A	ATGGCCAGCG	2.043	0.368	2	40	1
210118_M02558_0435_000000000-JGL96	DNA-26201-CG001Qv42Run260-13	chr7	55242464	AGGAATTAAGAGAAGC	A	3.241	0.407	1	41	0
210118_M02558_0435_000000000-JGL96	DNA-26201-CG001Qv42Run260-13	chr7	55248998	A	ATGGCCAGCG	0.896	0.36	1	41	1
210118_M02558_0435_000000000-JGL96	DNA-25997-CG001Qv42Run260-14	chr7	55242464	AGGAATTAAGAGAAGC	A	2.545	0.422	1	41	1
210118_M02558_0435_000000000-JGL96	DNA-25997-CG001Qv42Run260-14	chr7	55248998	A	ATGGCCAGCG	0.633	0.37	2	40	0
210118_M02558_0435_000000000-JGL96	DNA-26207-CG001Qv42Run260-16	chr7	55242464	AGGAATTAAGAGAAGC	A	0.382	0.44	1	41	0
210118_M02558_0435_000000000-JGL96	DNA-26207-CG001Qv42Run260-16	chr7	55248998	A	ATGGCCAGCG	0.69	0.363	1	41	0
210118_M02558_0435_000000000-JGL96	DNA-25987-CG001Qv42Run260-17	chr7	55242464	AGGAATTAAGAGAAGC	A	na	na	na	na	na
210118_M02558_0435_000000000-JGL96	DNA-25987-CG001Qv42Run260-17	chr7	55248998	A	ATGGCCAGCG	na	na	na	na	na
210118_M02558_0435_000000000-JGL96	DNA-25992-CG001Qv42Run260-18	chr7	55242464	AGGAATTAAGAGAAGC	A	7.301	0.4	1	41	0
210118_M02558_0435_000000000-JGL96	DNA-25992-CG001Qv42Run260-18	chr7	55248998	A	ATGGCCAGCG	4.046	0.368	2	40	1
210118_M02558_0435_000000000-JGL96	DNA-26201-CG001Qv42Run260-6	chr7	55242464	AGGAATTAAGAGAAGC	A	4.373	0.391	2	40	5
210118_M02558_0435_000000000-JGL96	DNA-26201-CG001Qv42Run260-6	chr7	55248998	A	ATGGCCAGCG	1.318	0.377	1	41	0
210118_M02558_0435_000000000-JGL96	DNA-25992-CG001Qv42Run260-11	chr7	55242464	AGGAATTAAGAGAAGC	A	7.659	0.464	1	41	0
210118_M02558_0435_000000000-JGL96	DNA-25992-CG001Qv42Run260-11	chr7	55248998	A	ATGGCCAGCG	3.182	0.364	2	40	0
210118_M02558_0435_000000000-JGL96	DNA-26202-CG001Qv42Run260-15	chr7	55242464	AGGAATTAAGAGAAGC	A	1.845	0.579	1	41	0
210118_M02558_0435_000000000-JGL96	DNA-26202-CG001Qv42Run260-15	chr7	55248998	A	ATGGCCAGCG	0.607	0.367	1	41	0
210118_M02558_0435_000000000-JGL96	DNA-26200-CG001Qv42Run260-19	chr7	55242464	AGGAATTAAGAGAAGC	A	4.142	0.56	1	41	1
210118_M02558_0435_000000000-JGL96	DNA-26200-CG001Qv42Run260-19	chr7	55248998	A	ATGGCCAGCG	2.583	0.383	1	41	45
210118_M02558_0435_000000000-JGL96	DNA-26201-CG001Qv42Run260-20	chr7	55242464	AGGAATTAAGAGAAGC	A	3.044	0.393	1	41	0
210118_M02558_0435_000000000-JGL96	DNA-26201-CG001Qv42Run260-20	chr7	55248998	A	ATGGCCAGCG	1.827	0.366	1	41	14
210118_M02558_0435_000000000-JGL96	DNA-25997-CG001Qv42Run260-21	chr7	55242464	AGGAATTAAGAGAAGC	A	1.941	0.55	1	41	0
210118_M02558_0435_000000000-JGL96	DNA-25997-CG001Qv42Run260-21	chr7	55248998	A	ATGGCCAGCG	0.621	0.397	2	40	0
210118_M02558_0435_000000000-JGL96	DNA-26202-CG001Qv42Run260-22	chr7	55242464	AGGAATTAAGAGAAGC	A	1.537	0.742	2	40	0
210118_M02558_0435_000000000-JGL96	DNA-26202-CG001Qv42Run260-22	chr7	55248998	A	ATGGCCAGCG	0.406	0.37	2	40	0
210118_M02558_0435_000000000-JGL96	DNA-26207-CG001Qv42Run260-23	chr7	55242464	AGGAATTAAGAGAAGC	A	1.616	0.406	2	40	1
210118_M02558_0435_000000000-JGL96	DNA-26207-CG001Qv42Run260-23	chr7	55248998	A	ATGGCCAGCG	0.651	0.433	1	41	1
210118_M02558_0435_000000000-JGL96	DNA-25987-CG001Qv42Run260-24	chr7	55242464	AGGAATTAAGAGAAGC	A	na	na	na	na	na
210118_M02558_0435_000000000-JGL96	DNA-25987-CG001Qv42Run260-24	chr7	55248998	A	ATGGCCAGCG	na	na	na	na	na
210114_M02558_0434_000000000-JFLR3	DNA-25992-CG001Qv42Run266-4	chr7	55242464	AGGAATTAAGAGAAGC	A	10.145	0.49	1	41	0
210114_M02558_0434_000000000-JFLR3	DNA-25992-CG001Qv42Run266-4	chr7	55248998	A	ATGGCCAGCG	3.393	0.363	2	40	1
210114_M02558_0434_000000000-JFLR3	DNA-26200-CG001Qv42Run266-5	chr7	55242464	AGGAATTAAGAGAAGC	A	1.323	0.51	1	41	0
210114_M02558_0434_000000000-JFLR3	DNA-26200-CG001Qv42Run266-5	chr7	55248998	A	ATGGCCAGCG	1.546	0.358	2	40	0
210114_M02558_0434_000000000-JFLR3	DNA-26201-CG001Qv42Run266-6	chr7	55242464	AGGAATTAAGAGAAGC	A	5.267	0.608	1	41	0
210114_M02558_0434_000000000-JFLR3	DNA-26201-CG001Qv42Run266-6	chr7	55248998	A	ATGGCCAGCG	1.584	0.363	2	40	1
210114_M02558_0434_000000000-JFLR3	DNA-25997-CG001Qv42Run266-7	chr7	55242464	AGGAATTAAGAGAAGC	A	2.435	0.729	1	41	2
210114_M02558_0434_000000000-JFLR3	DNA-25997-CG001Qv42Run266-7	chr7	55248998	A	ATGGCCAGCG	2.687	0.355	1	41	0
210114_M02558_0434_000000000-JFLR3	DNA-26202-CG001Qv42Run266-8	chr7	55242464	AGGAATTAAGAGAAGC	A	0.966	1.408	1	41	0
210114_M02558_0434_000000000-JFLR3	DNA-26202-CG001Qv42Run266-8	chr7	55248998	A	ATGGCCAGCG	0.589	0.377	2	40	0
210114_M02558_0434_000000000-JFLR3	DNA-26202-CG001Qv42Run266-15	chr7	55242464	AGGAATTAAGAGAAGC	A	0.917	0.408	1	41	0
210114_M02558_0434_000000000-JFLR3	DNA-26202-CG001Qv42Run266-15	chr7	55248998	A	ATGGCCAGCG	1.088	0.409	2	40	0
210114_M02558_0434_000000000-JFLR3	DNA-26207-CG001Qv42Run266-16	chr7	55242464	AGGAATTAAGAGAAGC	A	1.683	0.401	1	41	0
210114_M02558_0434_000000000-JFLR3	DNA-26207-CG001Qv42Run266-16	chr7	55248998	A	ATGGCCAGCG	na	na	na	na	na
210114_M02558_0434_000000000-JFLR3	DNA-25987-CG001Qv42Run266-17	chr7	55242464	AGGAATTAAGAGAAGC	A	na	na	na	na	na
210114_M02558_0434_000000000-JFLR3	DNA-25987-CG001Qv42Run266-17	chr7	55248998	A	ATGGCCAGCG	na	na	na	na	na
210114_M02558_0434_000000000-JFLR3	DNA-25992-CG001Qv42Run266-18	chr7	55242464	AGGAATTAAGAGAAGC	A	6.016	0.416	1	41	0
210114_M02558_0434_000000000-JFLR3	DNA-25992-CG001Qv42Run266-18	chr7	55248998	A	ATGGCCAGCG	3.028	0.37	1	41	0
210114_M02558_0434_000000000-JFLR3	DNA-26200-CG001Qv42Run266-19	chr7	55242464	AGGAATTAAGAGAAGC	A	4.932	0.418	1	41	0
210114_M02558_0434_000000000-JFLR3	DNA-26200-CG001Qv42Run266-19	chr7	55248998	A	ATGGCCAGCG	2.784	0.373	1	41	0
210114_M02558_0434_000000000-JFLR3	DNA-26201-CG001Qv42Run266-20	chr7	55242464	AGGAATTAAGAGAAGC	A	3.579	0.421	1	41	0
210114_M02558_0434_000000000-JFLR3	DNA-26201-CG001Qv42Run266-20	chr7	55248998	A	ATGGCCAGCG	1.245	0.358	2	40	0
210114_M02558_0434_000000000-JFLR3	DNA-25997-CG001Qv42Run266-21	chr7	55242464	AGGAATTAAGAGAAGC	A	2.359	0.409	2	40	0
210114_M02558_0434_000000000-JFLR3	DNA-25997-CG001Qv42Run266-21	chr7	55248998	A	ATGGCCAGCG	0.83	0.386	1	41	0
210114_M02558_0434_000000000-JFLR3	DNA-26202-CG001Qv42Run266-22	chr7	55242464	AGGAATTAAGAGAAGC	A	2.354	0.448	1	41	0
210114_M02558_0434_000000000-JFLR3	DNA-26202-CG001Qv42Run266-22	chr7	55248998	A	ATGGCCAGCG	0.757	0.395	1	41	0
210114_M02558_0434_000000000-JFLR3	DNA-26207-CG001Qv42Run266-23	chr7	55242464	AGGAATTAAGAGAAGC	A	1.09	0.402	1	41	1
210114_M02558_0434_000000000-JFLR3	DNA-26207-CG001Qv42Run266-23	chr7	55248998	A	ATGGCCAGCG	0.651	0.365	1	41	0
210114_M02558_0434_000000000-JFLR3	DNA-25987-CG001Qv42Run266-24	chr7	55242464	AGGAATTAAGAGAAGC	A	na	na	na	na	na
210114_M02558_0434_000000000-JFLR3	DNA-25987-CG001Qv42Run266-24	chr7	55248998	A	ATGGCCAGCG	na	na	na	na	na
210114_M02558_0434_000000000-JFLR3	DNA-26207-CG001Qv42Run266-9	chr7	55242464	AGGAATTAAGAGAAGC	A	1.644	0.398	1	41	26
210114_M02558_0434_000000000-JFLR3	DNA-26207-CG001Qv42Run266-9	chr7	55248998	A	ATGGCCAGCG	na	na	na	na	na
210114_M02558_0434_000000000-JFLR3	DNA-25987-CG001Qv42Run266-10	chr7	55242464	AGGAATTAAGAGAAGC	A	na	na	na	na	na
210114_M02558_0434_000000000-JFLR3	DNA-25987-CG001Qv42Run266-10	chr7	55248998	A	ATGGCCAGCG	na	na	na	na	na
210114_M02558_0434_000000000-JFLR3	DNA-25992-CG001Qv42Run266-11	chr7	55242464	AGGAATTAAGAGAAGC	A	11.352	0.427	1	41	0
210114_M02558_0434_000000000-JFLR3	DNA-25992-CG001Qv42Run266-11	chr7	55248998	A	ATGGCCAGCG	3.471	0.362	1	41	0
210114_M02558_0434_000000000-JFLR3	DNA-26200-CG001Qv42Run266-12	chr7	55242464	AGGAATTAAGAGAAGC	A	8.729	0.631	1	41	0
210114_M02558_0434_000000000-JFLR3	DNA-26200-CG001Qv42Run266-12	chr7	55248998	A	ATGGCCAGCG	2.394	0.377	2	40	0
210114_M02558_0434_000000000-JFLR3	DNA-26201-CG001Qv42Run266-13	chr7	55242464	AGGAATTAAGAGAAGC	A	0.981	0.527	1	41	0
210114_M02558_0434_000000000-JFLR3	DNA-26201-CG001Qv42Run266-13	chr7	55248998	A	ATGGCCAGCG	3.159	0.424	1	41	0
210114_M02558_0434_000000000-JFLR3	DNA-25997-CG001Qv42Run266-14	chr7	55242464	AGGAATTAAGAGAAGC	A	0.463	0.431	1	41	68
210114_M02558_0434_000000000-JFLR3	DNA-25997-CG001Qv42Run266-14	chr7	55248998	A	ATGGCCAGCG	0.62	0.366	1	41	13
210121_M02558_0437_000000000-JGGD9	DNA-26676-CG001Qv42Run269-9	chr7	55242464	AGGAATTAAGAGAAGC	A	0.337	1.388	1	41	0
210121_M02558_0437_000000000-JGGD9	DNA-26676-CG001Qv42Run269-9	chr7	55248998	A	ATGGCCAGCG	na	na	na	na	na
210121_M02558_0437_000000000-JGGD9	DNA-25963-CG001Qv42Run269-10	chr7	55242464	AGGAATTAAGAGAAGC	A	na	na	na	na	na
210121_M02558_0437_000000000-JGGD9	DNA-25963-CG001Qv42Run269-10	chr7	55248998	A	ATGGCCAGCG	na	na	na	na	na
210121_M02558_0437_000000000-JGGD9	DNA-25977-CG001Qv42Run269-7	chr7	55242464	AGGAATTAAGAGAAGC	A	na	na	na	na	na
210121_M02558_0437_000000000-JGGD9	DNA-25977-CG001Qv42Run269-7	chr7	55248998	A	ATGGCCAGCG	0.385	0.416	1	41	1
210121_M02558_0437_000000000-JGGD9	DNA-26675-CG001Qv42Run269-8	chr7	55242464	AGGAATTAAGAGAAGC	A	na	na	na	na	na
210121_M02558_0437_000000000-JGGD9	DNA-26675-CG001Qv42Run269-8	chr7	55248998	A	ATGGCCAGCG	na	na	na	na	na
210121_M02558_0437_000000000-JGGD9	DNA-25994-CG001Qv42Run269-11	chr7	55242464	AGGAATTAAGAGAAGC	A	5.405	0.916	1	41	0
210121_M02558_0437_000000000-JGGD9	DNA-25994-CG001Qv42Run269-11	chr7	55248998	A	ATGGCCAGCG	4.051	0.356	2	40	0
210121_M02558_0437_000000000-JGGD9	DNA-26673-CG001Qv42Run269-12	chr7	55242464	AGGAATTAAGAGAAGC	A	4.734	0.409	2	40	0
210121_M02558_0437_000000000-JGGD9	DNA-26673-CG001Qv42Run269-12	chr7	55248998	A	ATGGCCAGCG	3.594	0.356	2	40	0
210121_M02558_0437_000000000-JGGD9	DNA-26674-CG001Qv42Run269-13	chr7	55242464	AGGAATTAAGAGAAGC	A	na	na	na	na	na
210121_M02558_0437_000000000-JGGD9	DNA-26674-CG001Qv42Run269-13	chr7	55248998	A	ATGGCCAGCG	1.877	0.396	1	41	0
210121_M02558_0437_000000000-JGGD9	DNA-25977-CG001Qv42Run269-14	chr7	55242464	AGGAATTAAGAGAAGC	A	na	na	na	na	na
210121_M02558_0437_000000000-JGGD9	DNA-25977-CG001Qv42Run269-14	chr7	55248998	A	ATGGCCAGCG	0.632	0.483	1	41	0
210121_M02558_0437_000000000-JGGD9	DNA-26675-CG001Qv42Run269-15	chr7	55242464	AGGAATTAAGAGAAGC	A	0.551	0.628	2	40	1
210121_M02558_0437_000000000-JGGD9	DNA-26675-CG001Qv42Run269-15	chr7	55248998	A	ATGGCCAGCG	1.353	0.411	2	40	0
210121_M02558_0437_000000000-JGGD9	DNA-26676-CG001Qv42Run269-16	chr7	55242464	AGGAATTAAGAGAAGC	A	1.299	0.628	2	40	1
210121_M02558_0437_000000000-JGGD9	DNA-26676-CG001Qv42Run269-16	chr7	55248998	A	ATGGCCAGCG	0.404	0.438	1	41	0
210121_M02558_0437_000000000-JGGD9	DNA-25963-CG001Qv42Run269-17	chr7	55242464	AGGAATTAAGAGAAGC	A	na	na	na	na	na
210121_M02558_0437_000000000-JGGD9	DNA-25963-CG001Qv42Run269-17	chr7	55248998	A	ATGGCCAGCG	na	na	na	na	na
210121_M02558_0437_000000000-JGGD9	DNA-25994-CG001Qv42Run269-18	chr7	55242464	AGGAATTAAGAGAAGC	A	10.28	0.427	1	41	0
210121_M02558_0437_000000000-JGGD9	DNA-25994-CG001Qv42Run269-18	chr7	55248998	A	ATGGCCAGCG	5.13	0.355	1	41	0
210121_M02558_0437_000000000-JGGD9	DNA-26673-CG001Qv42Run269-19	chr7	55242464	AGGAATTAAGAGAAGC	A	5.839	0.409	2	40	0
210121_M02558_0437_000000000-JGGD9	DNA-26673-CG001Qv42Run269-19	chr7	55248998	A	ATGGCCAGCG	1.783	0.363	1	41	0
210121_M02558_0437_000000000-JGGD9	DNA-26674-CG001Qv42Run269-20	chr7	55242464	AGGAATTAAGAGAAGC	A	3.855	0.411	2	40	0
210121_M02558_0437_000000000-JGGD9	DNA-26674-CG001Qv42Run269-20	chr7	55248998	A	ATGGCCAGCG	2.01	0.388	3	39	0
210121_M02558_0437_000000000-JGGD9	DNA-25977-CG001Qv42Run269-21	chr7	55242464	AGGAATTAAGAGAAGC	A	0.717	0.474	2	40	0
210121_M02558_0437_000000000-JGGD9	DNA-25977-CG001Qv42Run269-21	chr7	55248998	A	ATGGCCAGCG	0.678	0.375	1	41	0
210121_M02558_0437_000000000-JGGD9	DNA-26675-CG001Qv42Run269-22	chr7	55242464	AGGAATTAAGAGAAGC	A	2.033	0.474	2	40	0
210121_M02558_0437_000000000-JGGD9	DNA-26675-CG001Qv42Run269-22	chr7	55248998	A	ATGGCCAGCG	0.682	0.388	3	39	0
210121_M02558_0437_000000000-JGGD9	DNA-26676-CG001Qv42Run269-23	chr7	55242464	AGGAATTAAGAGAAGC	A	na	na	na	na	na
210121_M02558_0437_000000000-JGGD9	DNA-26676-CG001Qv42Run269-23	chr7	55248998	A	ATGGCCAGCG	0.632	0.388	3	39	0
210121_M02558_0437_000000000-JGGD9	DNA-25963-CG001Qv42Run269-24	chr7	55242464	AGGAATTAAGAGAAGC	A	na	na	na	na	na
210121_M02558_0437_000000000-JGGD9	DNA-25963-CG001Qv42Run269-24	chr7	55248998	A	ATGGCCAGCG	na	na	na	na	na
210121_M02558_0437_000000000-JGGD9	DNA-25994-CG001Qv42Run269-4	chr7	55242464	AGGAATTAAGAGAAGC	A	5.281	0.408	1	41	0
210121_M02558_0437_000000000-JGGD9	DNA-25994-CG001Qv42Run269-4	chr7	55248998	A	ATGGCCAGCG	4.145	0.394	1	41	0
210121_M02558_0437_000000000-JGGD9	DNA-26673-CG001Qv42Run269-5	chr7	55242464	AGGAATTAAGAGAAGC	A	0.722	0.976	1	41	1
210121_M02558_0437_000000000-JGGD9	DNA-26673-CG001Qv42Run269-5	chr7	55248998	A	ATGGCCAGCG	2.348	0.357	1	41	0
210121_M02558_0437_000000000-JGGD9	DNA-26674-CG001Qv42Run269-6	chr7	55242464	AGGAATTAAGAGAAGC	A	2.469	0.44	1	41	1
210121_M02558_0437_000000000-JGGD9	DNA-26674-CG001Qv42Run269-6	chr7	55248998	A	ATGGCCAGCG	0.688	0.403	1	41	0
210122_M02558_0438_000000000-JFLRB	DNA-26676-CG001Qv42Run270-9	chr7	55242464	AGGAATTAAGAGAAGC	A	0.35	0.474	1	41	0
210122_M02558_0438_000000000-JFLRB	DNA-26676-CG001Qv42Run270-9	chr7	55248998	A	ATGGCCAGCG	0.516	0.37	1	41	2
210122_M02558_0438_000000000-JFLRB	DNA-25977-CG001Qv42Run270-7	chr7	55242464	AGGAATTAAGAGAAGC	A	1.156	0.411	1	41	0
210122_M02558_0438_000000000-JFLRB	DNA-25977-CG001Qv42Run270-7	chr7	55248998	A	ATGGCCAGCG	1.195	0.379	2	40	0
210122_M02558_0438_000000000-JFLRB	DNA-26675-CG001Qv42Run270-8	chr7	55242464	AGGAATTAAGAGAAGC	A	0.603	0.555	1	41	0
210122_M02558_0438_000000000-JFLRB	DNA-26675-CG001Qv42Run270-8	chr7	55248998	A	ATGGCCAGCG	0.631	0.364	1	41	0
210122_M02558_0438_000000000-JFLRB	DNA-25994-CG001Qv42Run270-4	chr7	55242464	AGGAATTAAGAGAAGC	A	5.036	0.393	2	40	0
210122_M02558_0438_000000000-JFLRB	DNA-25994-CG001Qv42Run270-4	chr7	55248998	A	ATGGCCAGCG	4.609	0.359	3	39	0
210122_M02558_0438_000000000-JFLRB	DNA-26673-CG001Qv42Run270-5	chr7	55242464	AGGAATTAAGAGAAGC	A	4.011	0.393	2	40	0
210122_M02558_0438_000000000-JFLRB	DNA-26673-CG001Qv42Run270-5	chr7	55248998	A	ATGGCCAGCG	2.474	0.409	1	41	0
210122_M02558_0438_000000000-JFLRB	DNA-26674-CG001Qv42Run270-6	chr7	55242464	AGGAATTAAGAGAAGC	A	2.004	0.398	2	40	12
210122_M02558_0438_000000000-JFLRB	DNA-26674-CG001Qv42Run270-6	chr7	55248998	A	ATGGCCAGCG	2.584	0.363	1	41	0
210122_M02558_0438_000000000-JFLRB	DNA-26673-CG001Qv42Run270-12	chr7	55242464	AGGAATTAAGAGAAGC	A	4.788	0.52	1	41	0
210122_M02558_0438_000000000-JFLRB	DNA-26673-CG001Qv42Run270-12	chr7	55248998	A	ATGGCCAGCG	3.416	0.359	3	39	0
210122_M02558_0438_000000000-JFLRB	DNA-26674-CG001Qv42Run270-13	chr7	55242464	AGGAATTAAGAGAAGC	A	1.694	0.488	1	41	0
210122_M02558_0438_000000000-JFLRB	DNA-26674-CG001Qv42Run270-13	chr7	55248998	A	ATGGCCAGCG	1.723	0.381	1	41	2
210122_M02558_0438_000000000-JFLRB	DNA-25977-CG001Qv42Run270-14	chr7	55242464	AGGAATTAAGAGAAGC	A	1.274	0.403	1	41	0
210122_M02558_0438_000000000-JFLRB	DNA-25977-CG001Qv42Run270-14	chr7	55248998	A	ATGGCCAGCG	0.723	0.36	2	40	0
210122_M02558_0438_000000000-JFLRB	DNA-26675-CG001Qv42Run270-15	chr7	55242464	AGGAATTAAGAGAAGC	A	1.627	0.436	1	41	0
210122_M02558_0438_000000000-JFLRB	DNA-26675-CG001Qv42Run270-15	chr7	55248998	A	ATGGCCAGCG	0.771	0.36	2	40	0
210122_M02558_0438_000000000-JFLRB	DNA-26676-CG001Qv42Run270-16	chr7	55242464	AGGAATTAAGAGAAGC	A	0.9	0.414	2	40	10
210122_M02558_0438_000000000-JFLRB	DNA-26676-CG001Qv42Run270-16	chr7	55248998	A	ATGGCCAGCG	0.831	0.359	3	39	0
210122_M02558_0438_000000000-JFLRB	DNA-25963-CG001Qv42Run270-17	chr7	55242464	AGGAATTAAGAGAAGC	A	na	na	na	na	na
210122_M02558_0438_000000000-JFLRB	DNA-25963-CG001Qv42Run270-17	chr7	55248998	A	ATGGCCAGCG	na	na	na	na	na
210122_M02558_0438_000000000-JFLRB	DNA-25994-CG001Qv42Run270-18	chr7	55242464	AGGAATTAAGAGAAGC	A	8.579	0.39	1	41	0
210122_M02558_0438_000000000-JFLRB	DNA-25994-CG001Qv42Run270-18	chr7	55248998	A	ATGGCCAGCG	3.328	0.366	3	39	4
210122_M02558_0438_000000000-JFLRB	DNA-26673-CG001Qv42Run270-19	chr7	55242464	AGGAATTAAGAGAAGC	A	4.248	0.392	1	41	0
210122_M02558_0438_000000000-JFLRB	DNA-26673-CG001Qv42Run270-19	chr7	55248998	A	ATGGCCAGCG	2.737	0.362	1	41	0
210122_M02558_0438_000000000-JFLRB	DNA-26674-CG001Qv42Run270-20	chr7	55242464	AGGAATTAAGAGAAGC	A	2.29	0.398	2	40	12
210122_M02558_0438_000000000-JFLRB	DNA-26674-CG001Qv42Run270-20	chr7	55248998	A	ATGGCCAGCG	1.238	0.379	2	40	0
210122_M02558_0438_000000000-JFLRB	DNA-25977-CG001Qv42Run270-21	chr7	55242464	AGGAATTAAGAGAAGC	A	1.624	0.8	1	41	0
210122_M02558_0438_000000000-JFLRB	DNA-25977-CG001Qv42Run270-21	chr7	55248998	A	ATGGCCAGCG	0.497	0.414	2	40	10
210122_M02558_0438_000000000-JFLRB	DNA-26675-CG001Qv42Run270-22	chr7	55242464	AGGAATTAAGAGAAGC	A	0.617	0.425	1	41	0
210122_M02558_0438_000000000-JFLRB	DNA-26675-CG001Qv42Run270-22	chr7	55248998	A	ATGGCCAGCG	0.431	0.369	1	41	0
210122_M02558_0438_000000000-JFLRB	DNA-26676-CG001Qv42Run270-23	chr7	55242464	AGGAATTAAGAGAAGC	A	0.791	0.568	1	41	2
210122_M02558_0438_000000000-JFLRB	DNA-26676-CG001Qv42Run270-23	chr7	55248998	A	ATGGCCAGCG	0.483	0.366	3	39	4
210122_M02558_0438_000000000-JFLRB	DNA-25963-CG001Qv42Run270-24	chr7	55242464	AGGAATTAAGAGAAGC	A	na	na	na	na	na
210122_M02558_0438_000000000-JFLRB	DNA-25963-CG001Qv42Run270-24	chr7	55248998	A	ATGGCCAGCG	na	na	na	na	na
210122_M02558_0438_000000000-JFLRB	DNA-25963-CG001Qv42Run270-10	chr7	55242464	AGGAATTAAGAGAAGC	A	na	na	na	na	na
210122_M02558_0438_000000000-JFLRB	DNA-25963-CG001Qv42Run270-10	chr7	55248998	A	ATGGCCAGCG	na	na	na	na	na
210122_M02558_0438_000000000-JFLRB	DNA-25994-CG001Qv42Run270-11	chr7	55242464	AGGAATTAAGAGAAGC	A	6.906	0.419	1	41	0
210122_M02558_0438_000000000-JFLRB	DNA-25994-CG001Qv42Run270-11	chr7	55248998	A	ATGGCCAGCG	3.75	0.366	3	39	4
