vaf_values	ng_range	score	w_comp	sample	chr	pos	ref	alt	vaf	exp_vaf	status
0.1_0.125 	4.0_64.0	0.9	0.5	DNA-17661-CG001Qv51Next024-9	chr17	7577557	AG	A	0.231	0.125	TP
0.1_0.125 	4.0_64.0	0.9	0.5	DNA-17661-CG001Qv51Next024-9	chr4	55141048	T	TA	0.22	0.125	TP
0.1_0.125 	4.0_64.0	0.9	0.5	DNA-17661-CG001Qv51Next024-16	chr17	7577557	AG	A	0.145	0.125	TP
0.1_0.125 	4.0_64.0	0.9	0.5	DNA-17661-CG001Qv51Next024-16	chr4	55141048	T	TA	0.069	0.125	TP
0.1_0.125 	4.0_64.0	0.9	0.5	DNA-17661-CG001Qv51Next024-16	chr17	37880981	A	AGCATACGTGATG	0.196	0.125	TP
0.1_0.125 	4.0_64.0	0.9	0.5	DNA-17661-CG001Qv51Next024-16	chr7	55242465	GGAATTAAGAGAAGCA	G	0.6	0.125	TP
0.1_0.125 	4.0_64.0	0.9	0.5	DNA-17661-CG001Qv51Next024-23	chr17	7577557	AG	A	0.245	0.125	TP
0.1_0.125 	4.0_64.0	0.9	0.5	DNA-17661-CG001Qv51Next024-23	chr4	55141048	T	TA	0.256	0.125	TP
0.1_0.125 	4.0_64.0	0.9	0.5	DNA-17661-CG001Qv51Next024-23	chr17	37880981	A	AGCATACGTGATG	0.129	0.125	TP
0.1_0.125 	4.0_64.0	0.9	0.5	DNA-17661-CG001Qv51Next024-23	chr7	55242465	GGAATTAAGAGAAGCA	G	0.057	0.125	TP
0.1_0.125 	4.0_64.0	0.9	0.5	DNA-17661-CG001Qv51Next024-23	chr7	55249012	C	CGGT	0.171	0.125	TP
0.1_0.125 	4.0_64.0	0.9	0.5	DNA-17661-CG001Qv51Next025-9	chr17	7577557	AG	A	0.111	0.125	TP
0.1_0.125 	4.0_64.0	0.9	0.5	DNA-17661-CG001Qv51Next025-9	chr17	37880981	A	AGCATACGTGATG	0.209	0.125	TP
0.1_0.125 	4.0_64.0	0.9	0.5	DNA-17661-CG001Qv51Next025-16	chr17	7577557	AG	A	0.141	0.125	TP
0.1_0.125 	4.0_64.0	0.9	0.5	DNA-17661-CG001Qv51Next025-16	chr4	55141048	T	TA	0.107	0.125	TP
0.1_0.125 	4.0_64.0	0.9	0.5	DNA-17661-CG001Qv51Next025-16	chr17	37880981	A	AGCATACGTGATG	0.032	0.125	TP
0.1_0.125 	4.0_64.0	0.9	0.5	DNA-17661-CG001Qv51Next025-16	chr7	55242465	GGAATTAAGAGAAGCA	G	0.212	0.125	TP
0.1_0.125 	4.0_64.0	0.9	0.5	DNA-17661-CG001Qv51Next025-23	chr17	7577557	AG	A	0.267	0.125	TP
0.1_0.125 	4.0_64.0	0.9	0.5	DNA-17661-CG001Qv51Next025-23	chr4	55141048	T	TA	0.087	0.125	TP
0.1_0.125 	4.0_64.0	0.9	0.5	DNA-17661-CG001Qv51Next025-23	chr17	37880981	A	AGCATACGTGATG	0.129	0.125	TP
0.1_0.125 	4.0_64.0	0.9	0.5	DNA-17661-CG001Qv51Next026-9	chr17	7577557	AG	A	0.102	0.125	TP
0.1_0.125 	4.0_64.0	0.9	0.5	DNA-17661-CG001Qv51Next026-9	chr4	55141048	T	TA	0.152	0.125	TP
0.1_0.125 	4.0_64.0	0.9	0.5	DNA-17661-CG001Qv51Next026-9	chr7	55242465	GGAATTAAGAGAAGCA	G	0.039	0.125	TP
0.1_0.125 	4.0_64.0	0.9	0.5	DNA-17661-CG001Qv51Next026-16	chr17	7577557	AG	A	0.074	0.125	TP
0.1_0.125 	4.0_64.0	0.9	0.5	DNA-17661-CG001Qv51Next026-16	chr4	55141048	T	TA	0.208	0.125	TP
0.1_0.125 	4.0_64.0	0.9	0.5	DNA-17661-CG001Qv51Next026-16	chr17	37880981	A	AGCATACGTGATG	0.051	0.125	TP
0.1_0.125 	4.0_64.0	0.9	0.5	DNA-17661-CG001Qv51Next026-23	chr17	7577557	AG	A	0.177	0.125	TP
0.1_0.125 	4.0_64.0	0.9	0.5	DNA-17661-CG001Qv51Next026-23	chr4	55141048	T	TA	0.121	0.125	TP
0.1_0.125 	4.0_64.0	0.9	0.5	DNA-17661-CG001Qv51Next026-23	chr17	37880981	A	AGCATACGTGATG	0.132	0.125	TP
0.1_0.125 	4.0_64.0	0.9	0.5	DNA-17661-CG001Qv51Next026-23	chr7	55242465	GGAATTAAGAGAAGCA	G	0.23	0.125	TP
0.1_0.125 	4.0_64.0	0.9	0.5	DNA-17661-CG001Qv51Next026-23	chr7	55249012	C	CGGT	0.193	0.125	TP
0.1_0.125 	4.0_64.0	0.9	0.5	DNA-17661-CG001Qv51Next024-9	chr7	55242465	GGAATTAAGAGAAGCA	G	0.221	0.125	FN
0.1_0.125 	4.0_64.0	0.9	0.5	DNA-17661-CG001Qv51Next024-9	chr7	55249012	C	CGGT	0.072	0.125	FN
0.1_0.125 	4.0_64.0	0.9	0.5	DNA-17661-CG001Qv51Next025-16	chr7	55249012	C	CGGT	0.072	0.125	FN
0.1_0.125 	4.0_64.0	0.9	0.5	DNA-17661-CG001Qv51Next026-16	chr7	55249012	C	CGGT	0.042	0.125	FN
0.1_0.125 	8.0_64.0	0.9	0.5	DNA-17661-CG001Qv51Next024-16	chr17	7577557	AG	A	0.145	0.125	TP
0.1_0.125 	8.0_64.0	0.9	0.5	DNA-17661-CG001Qv51Next024-16	chr4	55141048	T	TA	0.069	0.125	TP
0.1_0.125 	8.0_64.0	0.9	0.5	DNA-17661-CG001Qv51Next024-16	chr17	37880981	A	AGCATACGTGATG	0.196	0.125	TP
0.1_0.125 	8.0_64.0	0.9	0.5	DNA-17661-CG001Qv51Next024-16	chr7	55242465	GGAATTAAGAGAAGCA	G	0.6	0.125	TP
0.1_0.125 	8.0_64.0	0.9	0.5	DNA-17661-CG001Qv51Next024-23	chr17	7577557	AG	A	0.245	0.125	TP
0.1_0.125 	8.0_64.0	0.9	0.5	DNA-17661-CG001Qv51Next024-23	chr4	55141048	T	TA	0.256	0.125	TP
0.1_0.125 	8.0_64.0	0.9	0.5	DNA-17661-CG001Qv51Next024-23	chr17	37880981	A	AGCATACGTGATG	0.129	0.125	TP
0.1_0.125 	8.0_64.0	0.9	0.5	DNA-17661-CG001Qv51Next024-23	chr7	55242465	GGAATTAAGAGAAGCA	G	0.057	0.125	TP
0.1_0.125 	8.0_64.0	0.9	0.5	DNA-17661-CG001Qv51Next024-23	chr7	55249012	C	CGGT	0.171	0.125	TP
0.1_0.125 	8.0_64.0	0.9	0.5	DNA-17661-CG001Qv51Next025-16	chr17	7577557	AG	A	0.141	0.125	TP
0.1_0.125 	8.0_64.0	0.9	0.5	DNA-17661-CG001Qv51Next025-16	chr4	55141048	T	TA	0.107	0.125	TP
0.1_0.125 	8.0_64.0	0.9	0.5	DNA-17661-CG001Qv51Next025-16	chr17	37880981	A	AGCATACGTGATG	0.032	0.125	TP
0.1_0.125 	8.0_64.0	0.9	0.5	DNA-17661-CG001Qv51Next025-16	chr7	55242465	GGAATTAAGAGAAGCA	G	0.212	0.125	TP
0.1_0.125 	8.0_64.0	0.9	0.5	DNA-17661-CG001Qv51Next025-23	chr17	7577557	AG	A	0.267	0.125	TP
0.1_0.125 	8.0_64.0	0.9	0.5	DNA-17661-CG001Qv51Next025-23	chr4	55141048	T	TA	0.087	0.125	TP
0.1_0.125 	8.0_64.0	0.9	0.5	DNA-17661-CG001Qv51Next025-23	chr17	37880981	A	AGCATACGTGATG	0.129	0.125	TP
0.1_0.125 	8.0_64.0	0.9	0.5	DNA-17661-CG001Qv51Next026-16	chr17	7577557	AG	A	0.074	0.125	TP
0.1_0.125 	8.0_64.0	0.9	0.5	DNA-17661-CG001Qv51Next026-16	chr4	55141048	T	TA	0.208	0.125	TP
0.1_0.125 	8.0_64.0	0.9	0.5	DNA-17661-CG001Qv51Next026-16	chr17	37880981	A	AGCATACGTGATG	0.051	0.125	TP
0.1_0.125 	8.0_64.0	0.9	0.5	DNA-17661-CG001Qv51Next026-23	chr17	7577557	AG	A	0.177	0.125	TP
0.1_0.125 	8.0_64.0	0.9	0.5	DNA-17661-CG001Qv51Next026-23	chr4	55141048	T	TA	0.121	0.125	TP
0.1_0.125 	8.0_64.0	0.9	0.5	DNA-17661-CG001Qv51Next026-23	chr17	37880981	A	AGCATACGTGATG	0.132	0.125	TP
0.1_0.125 	8.0_64.0	0.9	0.5	DNA-17661-CG001Qv51Next026-23	chr7	55242465	GGAATTAAGAGAAGCA	G	0.23	0.125	TP
0.1_0.125 	8.0_64.0	0.9	0.5	DNA-17661-CG001Qv51Next026-23	chr7	55249012	C	CGGT	0.193	0.125	TP
0.1_0.125 	8.0_64.0	0.9	0.5	DNA-17661-CG001Qv51Next025-16	chr7	55249012	C	CGGT	0.072	0.125	FN
0.1_0.125 	8.0_64.0	0.9	0.5	DNA-17661-CG001Qv51Next026-16	chr7	55249012	C	CGGT	0.042	0.125	FN
0.25      	4.0_64.0	0.9	0.5	DNA-26671-CG001Qv51Next024-8	chr17	7577557	AG	A	0.401	0.25	TP
0.25      	4.0_64.0	0.9	0.5	DNA-26671-CG001Qv51Next024-8	chr4	55141048	T	TA	0.401	0.25	TP
0.25      	4.0_64.0	0.9	0.5	DNA-26671-CG001Qv51Next024-15	chr17	7577557	AG	A	0.443	0.25	TP
0.25      	4.0_64.0	0.9	0.5	DNA-26671-CG001Qv51Next024-15	chr17	37880981	A	AGCATACGTGATG	0.089	0.25	TP
0.25      	4.0_64.0	0.9	0.5	DNA-26671-CG001Qv51Next024-15	chr7	55242465	GGAATTAAGAGAAGCA	G	0.261	0.25	TP
0.25      	4.0_64.0	0.9	0.5	DNA-26671-CG001Qv51Next024-22	chr17	7577557	AG	A	0.268	0.25	TP
0.25      	4.0_64.0	0.9	0.5	DNA-26671-CG001Qv51Next024-22	chr4	55141048	T	TA	0.327	0.25	TP
0.25      	4.0_64.0	0.9	0.5	DNA-26671-CG001Qv51Next024-22	chr17	37880981	A	AGCATACGTGATG	0.047	0.25	TP
0.25      	4.0_64.0	0.9	0.5	DNA-26671-CG001Qv51Next024-22	chr7	55242465	GGAATTAAGAGAAGCA	G	0.116	0.25	TP
0.25      	4.0_64.0	0.9	0.5	DNA-26770-CG001Qv51Next025-8	chr17	7577557	AG	A	0.36	0.25	TP
0.25      	4.0_64.0	0.9	0.5	DNA-26770-CG001Qv51Next025-8	chr17	37880981	A	AGCATACGTGATG	0.49	0.25	TP
0.25      	4.0_64.0	0.9	0.5	DNA-26770-CG001Qv51Next025-8	chr7	55242465	GGAATTAAGAGAAGCA	G	0.195	0.25	TP
0.25      	4.0_64.0	0.9	0.5	DNA-26770-CG001Qv51Next025-15	chr17	7577557	AG	A	0.294	0.25	TP
0.25      	4.0_64.0	0.9	0.5	DNA-26770-CG001Qv51Next025-15	chr17	37880981	A	AGCATACGTGATG	0.06	0.25	TP
0.25      	4.0_64.0	0.9	0.5	DNA-26770-CG001Qv51Next025-15	chr7	55242465	GGAATTAAGAGAAGCA	G	0.216	0.25	TP
0.25      	4.0_64.0	0.9	0.5	DNA-26770-CG001Qv51Next025-15	chr7	55249012	C	CGGT	0.207	0.25	TP
0.25      	4.0_64.0	0.9	0.5	DNA-26770-CG001Qv51Next025-22	chr17	7577557	AG	A	0.172	0.25	TP
0.25      	4.0_64.0	0.9	0.5	DNA-26770-CG001Qv51Next025-22	chr17	37880981	A	AGCATACGTGATG	0.092	0.25	TP
0.25      	4.0_64.0	0.9	0.5	DNA-26770-CG001Qv51Next025-22	chr7	55242465	GGAATTAAGAGAAGCA	G	0.34	0.25	TP
0.25      	4.0_64.0	0.9	0.5	DNA-26770-CG001Qv51Next025-22	chr7	55249012	C	CGGT	0.133	0.25	TP
0.25      	4.0_64.0	0.9	0.5	DNA-27060-CG001Qv51Next026-8	chr17	7577557	AG	A	0.141	0.25	TP
0.25      	4.0_64.0	0.9	0.5	DNA-27060-CG001Qv51Next026-8	chr17	37880981	A	AGCATACGTGATG	0.298	0.25	TP
0.25      	4.0_64.0	0.9	0.5	DNA-27060-CG001Qv51Next026-8	chr7	55249012	C	CGGT	0.213	0.25	TP
0.25      	4.0_64.0	0.9	0.5	DNA-27060-CG001Qv51Next026-15	chr17	7577557	AG	A	0.123	0.25	TP
0.25      	4.0_64.0	0.9	0.5	DNA-27060-CG001Qv51Next026-15	chr4	55141048	T	TA	0.223	0.25	TP
0.25      	4.0_64.0	0.9	0.5	DNA-27060-CG001Qv51Next026-15	chr7	55242465	GGAATTAAGAGAAGCA	G	0.321	0.25	TP
0.25      	4.0_64.0	0.9	0.5	DNA-27060-CG001Qv51Next026-22	chr17	7577557	AG	A	0.109	0.25	TP
0.25      	4.0_64.0	0.9	0.5	DNA-27060-CG001Qv51Next026-22	chr4	55141048	T	TA	0.218	0.25	TP
0.25      	4.0_64.0	0.9	0.5	DNA-27060-CG001Qv51Next026-22	chr17	37880981	A	AGCATACGTGATG	0.253	0.25	TP
0.25      	4.0_64.0	0.9	0.5	DNA-27060-CG001Qv51Next026-22	chr7	55242465	GGAATTAAGAGAAGCA	G	0.139	0.25	TP
0.25      	4.0_64.0	0.9	0.5	DNA-27060-CG001Qv51Next026-22	chr7	55249012	C	CGGT	0.071	0.25	TP
0.25      	4.0_64.0	0.9	0.5	DNA-26671-CG001Qv51Next024-8	chr7	55249012	C	CGGT	0.44	0.25	FN
0.25      	4.0_64.0	0.9	0.5	DNA-26671-CG001Qv51Next024-15	chr4	55141048	T	TA	0.278	0.25	FN
0.25      	4.0_64.0	0.9	0.5	DNA-26671-CG001Qv51Next024-15	chr7	55249012	C	CGGT	0.07	0.25	FN
0.25      	4.0_64.0	0.9	0.5	DNA-26671-CG001Qv51Next024-22	chr7	55249012	C	CGGT	0.34	0.25	FN
0.25      	4.0_64.0	0.9	0.5	DNA-26770-CG001Qv51Next025-8	chr7	55249012	C	CGGT	0.594	0.25	FN
0.25      	4.0_64.0	0.9	0.5	DNA-26770-CG001Qv51Next025-15	chr4	55141048	T	TA	0.34	0.25	FN
0.25      	4.0_64.0	0.9	0.5	DNA-27060-CG001Qv51Next026-15	chr7	55249012	C	CGGT	0.059	0.25	FN
0.25      	8.0_64.0	0.9	0.5	DNA-26671-CG001Qv51Next024-15	chr17	7577557	AG	A	0.443	0.25	TP
0.25      	8.0_64.0	0.9	0.5	DNA-26671-CG001Qv51Next024-15	chr17	37880981	A	AGCATACGTGATG	0.089	0.25	TP
0.25      	8.0_64.0	0.9	0.5	DNA-26671-CG001Qv51Next024-15	chr7	55242465	GGAATTAAGAGAAGCA	G	0.261	0.25	TP
0.25      	8.0_64.0	0.9	0.5	DNA-26671-CG001Qv51Next024-22	chr17	7577557	AG	A	0.268	0.25	TP
0.25      	8.0_64.0	0.9	0.5	DNA-26671-CG001Qv51Next024-22	chr4	55141048	T	TA	0.327	0.25	TP
0.25      	8.0_64.0	0.9	0.5	DNA-26671-CG001Qv51Next024-22	chr17	37880981	A	AGCATACGTGATG	0.047	0.25	TP
0.25      	8.0_64.0	0.9	0.5	DNA-26671-CG001Qv51Next024-22	chr7	55242465	GGAATTAAGAGAAGCA	G	0.116	0.25	TP
0.25      	8.0_64.0	0.9	0.5	DNA-26770-CG001Qv51Next025-15	chr17	7577557	AG	A	0.294	0.25	TP
0.25      	8.0_64.0	0.9	0.5	DNA-26770-CG001Qv51Next025-15	chr17	37880981	A	AGCATACGTGATG	0.06	0.25	TP
0.25      	8.0_64.0	0.9	0.5	DNA-26770-CG001Qv51Next025-15	chr7	55242465	GGAATTAAGAGAAGCA	G	0.216	0.25	TP
0.25      	8.0_64.0	0.9	0.5	DNA-26770-CG001Qv51Next025-15	chr7	55249012	C	CGGT	0.207	0.25	TP
0.25      	8.0_64.0	0.9	0.5	DNA-26770-CG001Qv51Next025-22	chr17	7577557	AG	A	0.172	0.25	TP
0.25      	8.0_64.0	0.9	0.5	DNA-26770-CG001Qv51Next025-22	chr17	37880981	A	AGCATACGTGATG	0.092	0.25	TP
0.25      	8.0_64.0	0.9	0.5	DNA-26770-CG001Qv51Next025-22	chr7	55242465	GGAATTAAGAGAAGCA	G	0.34	0.25	TP
0.25      	8.0_64.0	0.9	0.5	DNA-26770-CG001Qv51Next025-22	chr7	55249012	C	CGGT	0.133	0.25	TP
0.25      	8.0_64.0	0.9	0.5	DNA-27060-CG001Qv51Next026-15	chr17	7577557	AG	A	0.123	0.25	TP
0.25      	8.0_64.0	0.9	0.5	DNA-27060-CG001Qv51Next026-15	chr4	55141048	T	TA	0.223	0.25	TP
0.25      	8.0_64.0	0.9	0.5	DNA-27060-CG001Qv51Next026-15	chr7	55242465	GGAATTAAGAGAAGCA	G	0.321	0.25	TP
0.25      	8.0_64.0	0.9	0.5	DNA-27060-CG001Qv51Next026-22	chr17	7577557	AG	A	0.109	0.25	TP
0.25      	8.0_64.0	0.9	0.5	DNA-27060-CG001Qv51Next026-22	chr4	55141048	T	TA	0.218	0.25	TP
0.25      	8.0_64.0	0.9	0.5	DNA-27060-CG001Qv51Next026-22	chr17	37880981	A	AGCATACGTGATG	0.253	0.25	TP
0.25      	8.0_64.0	0.9	0.5	DNA-27060-CG001Qv51Next026-22	chr7	55242465	GGAATTAAGAGAAGCA	G	0.139	0.25	TP
0.25      	8.0_64.0	0.9	0.5	DNA-27060-CG001Qv51Next026-22	chr7	55249012	C	CGGT	0.071	0.25	TP
0.25      	8.0_64.0	0.9	0.5	DNA-26671-CG001Qv51Next024-15	chr4	55141048	T	TA	0.278	0.25	FN
0.25      	8.0_64.0	0.9	0.5	DNA-26671-CG001Qv51Next024-15	chr7	55249012	C	CGGT	0.07	0.25	FN
0.25      	8.0_64.0	0.9	0.5	DNA-26671-CG001Qv51Next024-22	chr7	55249012	C	CGGT	0.34	0.25	FN
0.25      	8.0_64.0	0.9	0.5	DNA-26770-CG001Qv51Next025-15	chr4	55141048	T	TA	0.34	0.25	FN
0.25      	8.0_64.0	0.9	0.5	DNA-27060-CG001Qv51Next026-15	chr7	55249012	C	CGGT	0.059	0.25	FN
0.375     	4.0_64.0	0.9	0.5	DNA-26670-CG001Qv51Next024-7	chr17	7577557	AG	A	0.176	0.375	TP
0.375     	4.0_64.0	0.9	0.5	DNA-26670-CG001Qv51Next024-7	chr17	37880981	A	AGCATACGTGATG	0.185	0.375	TP
0.375     	4.0_64.0	0.9	0.5	DNA-26670-CG001Qv51Next024-7	chr7	55242465	GGAATTAAGAGAAGCA	G	0.443	0.375	TP
0.375     	4.0_64.0	0.9	0.5	DNA-26670-CG001Qv51Next024-14	chr17	7577557	AG	A	0.238	0.375	TP
0.375     	4.0_64.0	0.9	0.5	DNA-26670-CG001Qv51Next024-14	chr4	55141048	T	TA	0.34	0.375	TP
0.375     	4.0_64.0	0.9	0.5	DNA-26670-CG001Qv51Next024-14	chr7	55242465	GGAATTAAGAGAAGCA	G	0.625	0.375	TP
0.375     	4.0_64.0	0.9	0.5	DNA-26670-CG001Qv51Next024-14	chr7	55249012	C	CGGT	0.139	0.375	TP
0.375     	4.0_64.0	0.9	0.5	DNA-26670-CG001Qv51Next024-21	chr17	7577557	AG	A	0.318	0.375	TP
0.375     	4.0_64.0	0.9	0.5	DNA-26670-CG001Qv51Next024-21	chr4	55141048	T	TA	0.474	0.375	TP
0.375     	4.0_64.0	0.9	0.5	DNA-26670-CG001Qv51Next024-21	chr17	37880981	A	AGCATACGTGATG	0.239	0.375	TP
0.375     	4.0_64.0	0.9	0.5	DNA-26670-CG001Qv51Next024-21	chr7	55242465	GGAATTAAGAGAAGCA	G	0.666	0.375	TP
0.375     	4.0_64.0	0.9	0.5	DNA-26768-CG001Qv51Next025-7	chr4	55141048	T	TA	0.824	0.375	TP
0.375     	4.0_64.0	0.9	0.5	DNA-26768-CG001Qv51Next025-7	chr17	37880981	A	AGCATACGTGATG	0.1	0.375	TP
0.375     	4.0_64.0	0.9	0.5	DNA-26768-CG001Qv51Next025-7	chr7	55249012	C	CGGT	0.148	0.375	TP
0.375     	4.0_64.0	0.9	0.5	DNA-26768-CG001Qv51Next025-14	chr17	7577557	AG	A	0.181	0.375	TP
0.375     	4.0_64.0	0.9	0.5	DNA-26768-CG001Qv51Next025-14	chr4	55141048	T	TA	0.79	0.375	TP
0.375     	4.0_64.0	0.9	0.5	DNA-26768-CG001Qv51Next025-14	chr17	37880981	A	AGCATACGTGATG	0.27	0.375	TP
0.375     	4.0_64.0	0.9	0.5	DNA-26768-CG001Qv51Next025-14	chr7	55242465	GGAATTAAGAGAAGCA	G	1.434	0.375	TP
0.375     	4.0_64.0	0.9	0.5	DNA-26768-CG001Qv51Next025-14	chr7	55249012	C	CGGT	0.055	0.375	TP
0.375     	4.0_64.0	0.9	0.5	DNA-26768-CG001Qv51Next025-21	chr17	7577557	AG	A	0.416	0.375	TP
0.375     	4.0_64.0	0.9	0.5	DNA-26768-CG001Qv51Next025-21	chr4	55141048	T	TA	0.615	0.375	TP
0.375     	4.0_64.0	0.9	0.5	DNA-26768-CG001Qv51Next025-21	chr17	37880981	A	AGCATACGTGATG	0.133	0.375	TP
0.375     	4.0_64.0	0.9	0.5	DNA-26768-CG001Qv51Next025-21	chr7	55242465	GGAATTAAGAGAAGCA	G	0.31	0.375	TP
0.375     	4.0_64.0	0.9	0.5	DNA-27059-CG001Qv51Next026-7	chr17	7577557	AG	A	0.226	0.375	TP
0.375     	4.0_64.0	0.9	0.5	DNA-27059-CG001Qv51Next026-7	chr4	55141048	T	TA	0.242	0.375	TP
0.375     	4.0_64.0	0.9	0.5	DNA-27059-CG001Qv51Next026-7	chr17	37880981	A	AGCATACGTGATG	0.128	0.375	TP
0.375     	4.0_64.0	0.9	0.5	DNA-27059-CG001Qv51Next026-7	chr7	55242465	GGAATTAAGAGAAGCA	G	0.713	0.375	TP
0.375     	4.0_64.0	0.9	0.5	DNA-27059-CG001Qv51Next026-7	chr7	55249012	C	CGGT	0.424	0.375	TP
0.375     	4.0_64.0	0.9	0.5	DNA-27059-CG001Qv51Next026-14	chr17	7577557	AG	A	0.207	0.375	TP
0.375     	4.0_64.0	0.9	0.5	DNA-27059-CG001Qv51Next026-14	chr4	55141048	T	TA	0.494	0.375	TP
0.375     	4.0_64.0	0.9	0.5	DNA-27059-CG001Qv51Next026-14	chr17	37880981	A	AGCATACGTGATG	0.113	0.375	TP
0.375     	4.0_64.0	0.9	0.5	DNA-27059-CG001Qv51Next026-14	chr7	55242465	GGAATTAAGAGAAGCA	G	1.913	0.375	TP
0.375     	4.0_64.0	0.9	0.5	DNA-27059-CG001Qv51Next026-14	chr7	55249012	C	CGGT	0.291	0.375	TP
0.375     	4.0_64.0	0.9	0.5	DNA-27059-CG001Qv51Next026-21	chr17	7577557	AG	A	0.171	0.375	TP
0.375     	4.0_64.0	0.9	0.5	DNA-27059-CG001Qv51Next026-21	chr4	55141048	T	TA	0.303	0.375	TP
0.375     	4.0_64.0	0.9	0.5	DNA-27059-CG001Qv51Next026-21	chr17	37880981	A	AGCATACGTGATG	0.238	0.375	TP
0.375     	4.0_64.0	0.9	0.5	DNA-27059-CG001Qv51Next026-21	chr7	55242465	GGAATTAAGAGAAGCA	G	0.898	0.375	TP
0.375     	4.0_64.0	0.9	0.5	DNA-26670-CG001Qv51Next024-7	chr4	55141048	T	TA	0.196	0.375	FN
0.375     	4.0_64.0	0.9	0.5	DNA-26670-CG001Qv51Next024-7	chr7	55249012	C	CGGT	0.229	0.375	FN
0.375     	4.0_64.0	0.9	0.5	DNA-26670-CG001Qv51Next024-21	chr7	55249012	C	CGGT	0.27	0.375	FN
0.375     	4.0_64.0	0.9	0.5	DNA-26768-CG001Qv51Next025-7	chr17	7577557	AG	A	0.007	0.375	FN
0.375     	4.0_64.0	0.9	0.5	DNA-26768-CG001Qv51Next025-21	chr7	55249012	C	CGGT	0.2	0.375	FN
0.375     	4.0_64.0	0.9	0.5	DNA-27059-CG001Qv51Next026-21	chr7	55249012	C	CGGT	0.426	0.375	FN
0.375     	8.0_64.0	0.9	0.5	DNA-26670-CG001Qv51Next024-14	chr17	7577557	AG	A	0.238	0.375	TP
0.375     	8.0_64.0	0.9	0.5	DNA-26670-CG001Qv51Next024-14	chr4	55141048	T	TA	0.34	0.375	TP
0.375     	8.0_64.0	0.9	0.5	DNA-26670-CG001Qv51Next024-14	chr7	55242465	GGAATTAAGAGAAGCA	G	0.625	0.375	TP
0.375     	8.0_64.0	0.9	0.5	DNA-26670-CG001Qv51Next024-14	chr7	55249012	C	CGGT	0.139	0.375	TP
0.375     	8.0_64.0	0.9	0.5	DNA-26670-CG001Qv51Next024-21	chr17	7577557	AG	A	0.318	0.375	TP
0.375     	8.0_64.0	0.9	0.5	DNA-26670-CG001Qv51Next024-21	chr4	55141048	T	TA	0.474	0.375	TP
0.375     	8.0_64.0	0.9	0.5	DNA-26670-CG001Qv51Next024-21	chr17	37880981	A	AGCATACGTGATG	0.239	0.375	TP
0.375     	8.0_64.0	0.9	0.5	DNA-26670-CG001Qv51Next024-21	chr7	55242465	GGAATTAAGAGAAGCA	G	0.666	0.375	TP
0.375     	8.0_64.0	0.9	0.5	DNA-26768-CG001Qv51Next025-14	chr17	7577557	AG	A	0.181	0.375	TP
0.375     	8.0_64.0	0.9	0.5	DNA-26768-CG001Qv51Next025-14	chr4	55141048	T	TA	0.79	0.375	TP
0.375     	8.0_64.0	0.9	0.5	DNA-26768-CG001Qv51Next025-14	chr17	37880981	A	AGCATACGTGATG	0.27	0.375	TP
0.375     	8.0_64.0	0.9	0.5	DNA-26768-CG001Qv51Next025-14	chr7	55242465	GGAATTAAGAGAAGCA	G	1.434	0.375	TP
0.375     	8.0_64.0	0.9	0.5	DNA-26768-CG001Qv51Next025-14	chr7	55249012	C	CGGT	0.055	0.375	TP
0.375     	8.0_64.0	0.9	0.5	DNA-26768-CG001Qv51Next025-21	chr17	7577557	AG	A	0.416	0.375	TP
0.375     	8.0_64.0	0.9	0.5	DNA-26768-CG001Qv51Next025-21	chr4	55141048	T	TA	0.615	0.375	TP
0.375     	8.0_64.0	0.9	0.5	DNA-26768-CG001Qv51Next025-21	chr17	37880981	A	AGCATACGTGATG	0.133	0.375	TP
0.375     	8.0_64.0	0.9	0.5	DNA-26768-CG001Qv51Next025-21	chr7	55242465	GGAATTAAGAGAAGCA	G	0.31	0.375	TP
0.375     	8.0_64.0	0.9	0.5	DNA-27059-CG001Qv51Next026-14	chr17	7577557	AG	A	0.207	0.375	TP
0.375     	8.0_64.0	0.9	0.5	DNA-27059-CG001Qv51Next026-14	chr4	55141048	T	TA	0.494	0.375	TP
0.375     	8.0_64.0	0.9	0.5	DNA-27059-CG001Qv51Next026-14	chr17	37880981	A	AGCATACGTGATG	0.113	0.375	TP
0.375     	8.0_64.0	0.9	0.5	DNA-27059-CG001Qv51Next026-14	chr7	55242465	GGAATTAAGAGAAGCA	G	1.913	0.375	TP
0.375     	8.0_64.0	0.9	0.5	DNA-27059-CG001Qv51Next026-14	chr7	55249012	C	CGGT	0.291	0.375	TP
0.375     	8.0_64.0	0.9	0.5	DNA-27059-CG001Qv51Next026-21	chr17	7577557	AG	A	0.171	0.375	TP
0.375     	8.0_64.0	0.9	0.5	DNA-27059-CG001Qv51Next026-21	chr4	55141048	T	TA	0.303	0.375	TP
0.375     	8.0_64.0	0.9	0.5	DNA-27059-CG001Qv51Next026-21	chr17	37880981	A	AGCATACGTGATG	0.238	0.375	TP
0.375     	8.0_64.0	0.9	0.5	DNA-27059-CG001Qv51Next026-21	chr7	55242465	GGAATTAAGAGAAGCA	G	0.898	0.375	TP
0.375     	8.0_64.0	0.9	0.5	DNA-26670-CG001Qv51Next024-21	chr7	55249012	C	CGGT	0.27	0.375	FN
0.375     	8.0_64.0	0.9	0.5	DNA-26768-CG001Qv51Next025-21	chr7	55249012	C	CGGT	0.2	0.375	FN
0.375     	8.0_64.0	0.9	0.5	DNA-27059-CG001Qv51Next026-21	chr7	55249012	C	CGGT	0.426	0.375	FN
0.5       	4.0_64.0	0.9	0.5	DNA-26013-CG001Qv51Next024-6	chr17	7577557	AG	A	1.018	0.5	TP
0.5       	4.0_64.0	0.9	0.5	DNA-26013-CG001Qv51Next024-6	chr4	55141048	T	TA	0.595	0.5	TP
0.5       	4.0_64.0	0.9	0.5	DNA-26013-CG001Qv51Next024-6	chr17	37880981	A	AGCATACGTGATG	0.227	0.5	TP
0.5       	4.0_64.0	0.9	0.5	DNA-26013-CG001Qv51Next024-6	chr7	55242465	GGAATTAAGAGAAGCA	G	0.609	0.5	TP
0.5       	4.0_64.0	0.9	0.5	DNA-26013-CG001Qv51Next024-13	chr17	7577557	AG	A	0.715	0.5	TP
0.5       	4.0_64.0	0.9	0.5	DNA-26013-CG001Qv51Next024-13	chr4	55141048	T	TA	0.38	0.5	TP
0.5       	4.0_64.0	0.9	0.5	DNA-26013-CG001Qv51Next024-13	chr17	37880981	A	AGCATACGTGATG	0.438	0.5	TP
0.5       	4.0_64.0	0.9	0.5	DNA-26013-CG001Qv51Next024-13	chr7	55242465	GGAATTAAGAGAAGCA	G	1.159	0.5	TP
0.5       	4.0_64.0	0.9	0.5	DNA-26013-CG001Qv51Next024-20	chr17	7577557	AG	A	0.591	0.5	TP
0.5       	4.0_64.0	0.9	0.5	DNA-26013-CG001Qv51Next024-20	chr4	55141048	T	TA	0.799	0.5	TP
0.5       	4.0_64.0	0.9	0.5	DNA-26013-CG001Qv51Next024-20	chr17	37880981	A	AGCATACGTGATG	0.255	0.5	TP
0.5       	4.0_64.0	0.9	0.5	DNA-26013-CG001Qv51Next024-20	chr7	55242465	GGAATTAAGAGAAGCA	G	0.731	0.5	TP
0.5       	4.0_64.0	0.9	0.5	DNA-26013-CG001Qv51Next024-20	chr7	55249012	C	CGGT	0.647	0.5	TP
0.5       	4.0_64.0	0.9	0.5	DNA-26013-CG001Qv51Next025-6	chr17	7577557	AG	A	0.33	0.5	TP
0.5       	4.0_64.0	0.9	0.5	DNA-26013-CG001Qv51Next025-6	chr4	55141048	T	TA	0.562	0.5	TP
0.5       	4.0_64.0	0.9	0.5	DNA-26013-CG001Qv51Next025-6	chr7	55242465	GGAATTAAGAGAAGCA	G	0.794	0.5	TP
0.5       	4.0_64.0	0.9	0.5	DNA-26013-CG001Qv51Next025-13	chr17	7577557	AG	A	0.558	0.5	TP
0.5       	4.0_64.0	0.9	0.5	DNA-26013-CG001Qv51Next025-13	chr4	55141048	T	TA	0.688	0.5	TP
0.5       	4.0_64.0	0.9	0.5	DNA-26013-CG001Qv51Next025-13	chr17	37880981	A	AGCATACGTGATG	0.504	0.5	TP
0.5       	4.0_64.0	0.9	0.5	DNA-26013-CG001Qv51Next025-13	chr7	55242465	GGAATTAAGAGAAGCA	G	0.906	0.5	TP
0.5       	4.0_64.0	0.9	0.5	DNA-26013-CG001Qv51Next025-13	chr7	55249012	C	CGGT	0.805	0.5	TP
0.5       	4.0_64.0	0.9	0.5	DNA-26013-CG001Qv51Next025-20	chr17	7577557	AG	A	0.628	0.5	TP
0.5       	4.0_64.0	0.9	0.5	DNA-26013-CG001Qv51Next025-20	chr4	55141048	T	TA	0.426	0.5	TP
0.5       	4.0_64.0	0.9	0.5	DNA-26013-CG001Qv51Next025-20	chr17	37880981	A	AGCATACGTGATG	0.229	0.5	TP
0.5       	4.0_64.0	0.9	0.5	DNA-26013-CG001Qv51Next025-20	chr7	55242465	GGAATTAAGAGAAGCA	G	0.922	0.5	TP
0.5       	4.0_64.0	0.9	0.5	DNA-26013-CG001Qv51Next025-20	chr7	55249012	C	CGGT	0.575	0.5	TP
0.5       	4.0_64.0	0.9	0.5	DNA-26013-CG001Qv51Next026-6	chr17	7577557	AG	A	1.139	0.5	TP
0.5       	4.0_64.0	0.9	0.5	DNA-26013-CG001Qv51Next026-6	chr4	55141048	T	TA	0.278	0.5	TP
0.5       	4.0_64.0	0.9	0.5	DNA-26013-CG001Qv51Next026-6	chr17	37880981	A	AGCATACGTGATG	0.438	0.5	TP
0.5       	4.0_64.0	0.9	0.5	DNA-26013-CG001Qv51Next026-6	chr7	55242465	GGAATTAAGAGAAGCA	G	0.461	0.5	TP
0.5       	4.0_64.0	0.9	0.5	DNA-26013-CG001Qv51Next026-6	chr7	55249012	C	CGGT	0.619	0.5	TP
0.5       	4.0_64.0	0.9	0.5	DNA-26013-CG001Qv51Next026-13	chr17	7577557	AG	A	0.732	0.5	TP
0.5       	4.0_64.0	0.9	0.5	DNA-26013-CG001Qv51Next026-13	chr4	55141048	T	TA	0.918	0.5	TP
0.5       	4.0_64.0	0.9	0.5	DNA-26013-CG001Qv51Next026-13	chr17	37880981	A	AGCATACGTGATG	0.128	0.5	TP
0.5       	4.0_64.0	0.9	0.5	DNA-26013-CG001Qv51Next026-13	chr7	55242465	GGAATTAAGAGAAGCA	G	0.552	0.5	TP
0.5       	4.0_64.0	0.9	0.5	DNA-26013-CG001Qv51Next026-20	chr17	7577557	AG	A	0.592	0.5	TP
0.5       	4.0_64.0	0.9	0.5	DNA-26013-CG001Qv51Next026-20	chr4	55141048	T	TA	0.533	0.5	TP
0.5       	4.0_64.0	0.9	0.5	DNA-26013-CG001Qv51Next026-20	chr17	37880981	A	AGCATACGTGATG	0.372	0.5	TP
0.5       	4.0_64.0	0.9	0.5	DNA-26013-CG001Qv51Next026-20	chr7	55242465	GGAATTAAGAGAAGCA	G	1.087	0.5	TP
0.5       	4.0_64.0	0.9	0.5	DNA-26013-CG001Qv51Next026-20	chr7	55249012	C	CGGT	0.562	0.5	TP
0.5       	4.0_64.0	0.9	0.5	DNA-26013-CG001Qv51Next024-6	chr7	55249012	C	CGGT	0.251	0.5	FN
0.5       	4.0_64.0	0.9	0.5	DNA-26013-CG001Qv51Next024-13	chr7	55249012	C	CGGT	0.647	0.5	FN
0.5       	4.0_64.0	0.9	0.5	DNA-26013-CG001Qv51Next025-6	chr7	55249012	C	CGGT	0.314	0.5	FN
0.5       	4.0_64.0	0.9	0.5	DNA-26013-CG001Qv51Next026-13	chr7	55249012	C	CGGT	0.465	0.5	FN
0.5       	8.0_64.0	0.9	0.5	DNA-26013-CG001Qv51Next024-13	chr17	7577557	AG	A	0.715	0.5	TP
0.5       	8.0_64.0	0.9	0.5	DNA-26013-CG001Qv51Next024-13	chr4	55141048	T	TA	0.38	0.5	TP
0.5       	8.0_64.0	0.9	0.5	DNA-26013-CG001Qv51Next024-13	chr17	37880981	A	AGCATACGTGATG	0.438	0.5	TP
0.5       	8.0_64.0	0.9	0.5	DNA-26013-CG001Qv51Next024-13	chr7	55242465	GGAATTAAGAGAAGCA	G	1.159	0.5	TP
0.5       	8.0_64.0	0.9	0.5	DNA-26013-CG001Qv51Next024-20	chr17	7577557	AG	A	0.591	0.5	TP
0.5       	8.0_64.0	0.9	0.5	DNA-26013-CG001Qv51Next024-20	chr4	55141048	T	TA	0.799	0.5	TP
0.5       	8.0_64.0	0.9	0.5	DNA-26013-CG001Qv51Next024-20	chr17	37880981	A	AGCATACGTGATG	0.255	0.5	TP
0.5       	8.0_64.0	0.9	0.5	DNA-26013-CG001Qv51Next024-20	chr7	55242465	GGAATTAAGAGAAGCA	G	0.731	0.5	TP
0.5       	8.0_64.0	0.9	0.5	DNA-26013-CG001Qv51Next024-20	chr7	55249012	C	CGGT	0.647	0.5	TP
0.5       	8.0_64.0	0.9	0.5	DNA-26013-CG001Qv51Next025-13	chr17	7577557	AG	A	0.558	0.5	TP
0.5       	8.0_64.0	0.9	0.5	DNA-26013-CG001Qv51Next025-13	chr4	55141048	T	TA	0.688	0.5	TP
0.5       	8.0_64.0	0.9	0.5	DNA-26013-CG001Qv51Next025-13	chr17	37880981	A	AGCATACGTGATG	0.504	0.5	TP
0.5       	8.0_64.0	0.9	0.5	DNA-26013-CG001Qv51Next025-13	chr7	55242465	GGAATTAAGAGAAGCA	G	0.906	0.5	TP
0.5       	8.0_64.0	0.9	0.5	DNA-26013-CG001Qv51Next025-13	chr7	55249012	C	CGGT	0.805	0.5	TP
0.5       	8.0_64.0	0.9	0.5	DNA-26013-CG001Qv51Next025-20	chr17	7577557	AG	A	0.628	0.5	TP
0.5       	8.0_64.0	0.9	0.5	DNA-26013-CG001Qv51Next025-20	chr4	55141048	T	TA	0.426	0.5	TP
0.5       	8.0_64.0	0.9	0.5	DNA-26013-CG001Qv51Next025-20	chr17	37880981	A	AGCATACGTGATG	0.229	0.5	TP
0.5       	8.0_64.0	0.9	0.5	DNA-26013-CG001Qv51Next025-20	chr7	55242465	GGAATTAAGAGAAGCA	G	0.922	0.5	TP
0.5       	8.0_64.0	0.9	0.5	DNA-26013-CG001Qv51Next025-20	chr7	55249012	C	CGGT	0.575	0.5	TP
0.5       	8.0_64.0	0.9	0.5	DNA-26013-CG001Qv51Next026-13	chr17	7577557	AG	A	0.732	0.5	TP
0.5       	8.0_64.0	0.9	0.5	DNA-26013-CG001Qv51Next026-13	chr4	55141048	T	TA	0.918	0.5	TP
0.5       	8.0_64.0	0.9	0.5	DNA-26013-CG001Qv51Next026-13	chr17	37880981	A	AGCATACGTGATG	0.128	0.5	TP
0.5       	8.0_64.0	0.9	0.5	DNA-26013-CG001Qv51Next026-13	chr7	55242465	GGAATTAAGAGAAGCA	G	0.552	0.5	TP
0.5       	8.0_64.0	0.9	0.5	DNA-26013-CG001Qv51Next026-20	chr17	7577557	AG	A	0.592	0.5	TP
0.5       	8.0_64.0	0.9	0.5	DNA-26013-CG001Qv51Next026-20	chr4	55141048	T	TA	0.533	0.5	TP
0.5       	8.0_64.0	0.9	0.5	DNA-26013-CG001Qv51Next026-20	chr17	37880981	A	AGCATACGTGATG	0.372	0.5	TP
0.5       	8.0_64.0	0.9	0.5	DNA-26013-CG001Qv51Next026-20	chr7	55242465	GGAATTAAGAGAAGCA	G	1.087	0.5	TP
0.5       	8.0_64.0	0.9	0.5	DNA-26013-CG001Qv51Next026-20	chr7	55249012	C	CGGT	0.562	0.5	TP
0.5       	8.0_64.0	0.9	0.5	DNA-26013-CG001Qv51Next024-13	chr7	55249012	C	CGGT	0.647	0.5	FN
0.5       	8.0_64.0	0.9	0.5	DNA-26013-CG001Qv51Next026-13	chr7	55249012	C	CGGT	0.465	0.5	FN
0.7_0.75  	4.0_64.0	0.9	0.5	DNA-26669-CG001Qv51Next024-5	chr17	7577557	AG	A	0.736	0.75	TP
0.7_0.75  	4.0_64.0	0.9	0.5	DNA-26669-CG001Qv51Next024-5	chr4	55141048	T	TA	1.091	0.75	TP
0.7_0.75  	4.0_64.0	0.9	0.5	DNA-26669-CG001Qv51Next024-5	chr17	37880981	A	AGCATACGTGATG	0.084	0.75	TP
0.7_0.75  	4.0_64.0	0.9	0.5	DNA-26669-CG001Qv51Next024-5	chr7	55242465	GGAATTAAGAGAAGCA	G	1.396	0.75	TP
0.7_0.75  	4.0_64.0	0.9	0.5	DNA-26669-CG001Qv51Next024-12	chr17	7577557	AG	A	0.639	0.75	TP
0.7_0.75  	4.0_64.0	0.9	0.5	DNA-26669-CG001Qv51Next024-12	chr4	55141048	T	TA	1.078	0.75	TP
0.7_0.75  	4.0_64.0	0.9	0.5	DNA-26669-CG001Qv51Next024-12	chr17	37880981	A	AGCATACGTGATG	0.198	0.75	TP
0.7_0.75  	4.0_64.0	0.9	0.5	DNA-26669-CG001Qv51Next024-12	chr7	55242465	GGAATTAAGAGAAGCA	G	2.001	0.75	TP
0.7_0.75  	4.0_64.0	0.9	0.5	DNA-26669-CG001Qv51Next024-12	chr7	55249012	C	CGGT	1.112	0.75	TP
0.7_0.75  	4.0_64.0	0.9	0.5	DNA-26669-CG001Qv51Next024-19	chr17	7577557	AG	A	0.721	0.75	TP
0.7_0.75  	4.0_64.0	0.9	0.5	DNA-26669-CG001Qv51Next024-19	chr4	55141048	T	TA	0.887	0.75	TP
0.7_0.75  	4.0_64.0	0.9	0.5	DNA-26669-CG001Qv51Next024-19	chr17	37880981	A	AGCATACGTGATG	0.299	0.75	TP
0.7_0.75  	4.0_64.0	0.9	0.5	DNA-26669-CG001Qv51Next024-19	chr7	55242465	GGAATTAAGAGAAGCA	G	1.061	0.75	TP
0.7_0.75  	4.0_64.0	0.9	0.5	DNA-26669-CG001Qv51Next024-19	chr7	55249012	C	CGGT	0.806	0.75	TP
0.7_0.75  	4.0_64.0	0.9	0.5	DNA-26769-CG001Qv51Next025-5	chr17	7577557	AG	A	0.896	0.75	TP
0.7_0.75  	4.0_64.0	0.9	0.5	DNA-26769-CG001Qv51Next025-5	chr4	55141048	T	TA	0.233	0.75	TP
0.7_0.75  	4.0_64.0	0.9	0.5	DNA-26769-CG001Qv51Next025-5	chr17	37880981	A	AGCATACGTGATG	0.513	0.75	TP
0.7_0.75  	4.0_64.0	0.9	0.5	DNA-26769-CG001Qv51Next025-5	chr7	55242465	GGAATTAAGAGAAGCA	G	1.835	0.75	TP
0.7_0.75  	4.0_64.0	0.9	0.5	DNA-26769-CG001Qv51Next025-5	chr7	55249012	C	CGGT	0.199	0.75	TP
0.7_0.75  	4.0_64.0	0.9	0.5	DNA-26769-CG001Qv51Next025-12	chr17	7577557	AG	A	0.733	0.75	TP
0.7_0.75  	4.0_64.0	0.9	0.5	DNA-26769-CG001Qv51Next025-12	chr4	55141048	T	TA	1.255	0.75	TP
0.7_0.75  	4.0_64.0	0.9	0.5	DNA-26769-CG001Qv51Next025-12	chr17	37880981	A	AGCATACGTGATG	0.445	0.75	TP
0.7_0.75  	4.0_64.0	0.9	0.5	DNA-26769-CG001Qv51Next025-12	chr7	55242465	GGAATTAAGAGAAGCA	G	0.562	0.75	TP
0.7_0.75  	4.0_64.0	0.9	0.5	DNA-26769-CG001Qv51Next025-19	chr17	7577557	AG	A	0.517	0.75	TP
0.7_0.75  	4.0_64.0	0.9	0.5	DNA-26769-CG001Qv51Next025-19	chr4	55141048	T	TA	1.085	0.75	TP
0.7_0.75  	4.0_64.0	0.9	0.5	DNA-26769-CG001Qv51Next025-19	chr17	37880981	A	AGCATACGTGATG	0.357	0.75	TP
0.7_0.75  	4.0_64.0	0.9	0.5	DNA-26769-CG001Qv51Next025-19	chr7	55242465	GGAATTAAGAGAAGCA	G	0.899	0.75	TP
0.7_0.75  	4.0_64.0	0.9	0.5	DNA-26769-CG001Qv51Next025-19	chr7	55249012	C	CGGT	0.315	0.75	TP
0.7_0.75  	4.0_64.0	0.9	0.5	DNA-27058-CG001Qv51Next026-5	chr17	7577557	AG	A	1.302	0.75	TP
0.7_0.75  	4.0_64.0	0.9	0.5	DNA-27058-CG001Qv51Next026-5	chr4	55141048	T	TA	0.515	0.75	TP
0.7_0.75  	4.0_64.0	0.9	0.5	DNA-27058-CG001Qv51Next026-5	chr17	37880981	A	AGCATACGTGATG	0.3	0.75	TP
0.7_0.75  	4.0_64.0	0.9	0.5	DNA-27058-CG001Qv51Next026-5	chr7	55242465	GGAATTAAGAGAAGCA	G	1.376	0.75	TP
0.7_0.75  	4.0_64.0	0.9	0.5	DNA-27058-CG001Qv51Next026-12	chr17	7577557	AG	A	0.682	0.75	TP
0.7_0.75  	4.0_64.0	0.9	0.5	DNA-27058-CG001Qv51Next026-12	chr4	55141048	T	TA	0.772	0.75	TP
0.7_0.75  	4.0_64.0	0.9	0.5	DNA-27058-CG001Qv51Next026-12	chr17	37880981	A	AGCATACGTGATG	0.509	0.75	TP
0.7_0.75  	4.0_64.0	0.9	0.5	DNA-27058-CG001Qv51Next026-12	chr7	55242465	GGAATTAAGAGAAGCA	G	0.731	0.75	TP
0.7_0.75  	4.0_64.0	0.9	0.5	DNA-27058-CG001Qv51Next026-19	chr17	7577557	AG	A	0.699	0.75	TP
0.7_0.75  	4.0_64.0	0.9	0.5	DNA-27058-CG001Qv51Next026-19	chr4	55141048	T	TA	0.792	0.75	TP
0.7_0.75  	4.0_64.0	0.9	0.5	DNA-27058-CG001Qv51Next026-19	chr17	37880981	A	AGCATACGTGATG	0.488	0.75	TP
0.7_0.75  	4.0_64.0	0.9	0.5	DNA-27058-CG001Qv51Next026-19	chr7	55242465	GGAATTAAGAGAAGCA	G	2.495	0.75	TP
0.7_0.75  	4.0_64.0	0.9	0.5	DNA-27058-CG001Qv51Next026-19	chr7	55249012	C	CGGT	0.96	0.75	TP
0.7_0.75  	4.0_64.0	0.9	0.5	DNA-26669-CG001Qv51Next024-5	chr7	55249012	C	CGGT	0.634	0.75	FN
0.7_0.75  	4.0_64.0	0.9	0.5	DNA-26769-CG001Qv51Next025-12	chr7	55249012	C	CGGT	0.79	0.75	FN
0.7_0.75  	4.0_64.0	0.9	0.5	DNA-27058-CG001Qv51Next026-5	chr7	55249012	C	CGGT	0.599	0.75	FN
0.7_0.75  	4.0_64.0	0.9	0.5	DNA-27058-CG001Qv51Next026-12	chr7	55249012	C	CGGT	0.706	0.75	FN
0.7_0.75  	8.0_64.0	0.9	0.5	DNA-26669-CG001Qv51Next024-12	chr17	7577557	AG	A	0.639	0.75	TP
0.7_0.75  	8.0_64.0	0.9	0.5	DNA-26669-CG001Qv51Next024-12	chr4	55141048	T	TA	1.078	0.75	TP
0.7_0.75  	8.0_64.0	0.9	0.5	DNA-26669-CG001Qv51Next024-12	chr17	37880981	A	AGCATACGTGATG	0.198	0.75	TP
0.7_0.75  	8.0_64.0	0.9	0.5	DNA-26669-CG001Qv51Next024-12	chr7	55242465	GGAATTAAGAGAAGCA	G	2.001	0.75	TP
0.7_0.75  	8.0_64.0	0.9	0.5	DNA-26669-CG001Qv51Next024-12	chr7	55249012	C	CGGT	1.112	0.75	TP
0.7_0.75  	8.0_64.0	0.9	0.5	DNA-26669-CG001Qv51Next024-19	chr17	7577557	AG	A	0.721	0.75	TP
0.7_0.75  	8.0_64.0	0.9	0.5	DNA-26669-CG001Qv51Next024-19	chr4	55141048	T	TA	0.887	0.75	TP
0.7_0.75  	8.0_64.0	0.9	0.5	DNA-26669-CG001Qv51Next024-19	chr17	37880981	A	AGCATACGTGATG	0.299	0.75	TP
0.7_0.75  	8.0_64.0	0.9	0.5	DNA-26669-CG001Qv51Next024-19	chr7	55242465	GGAATTAAGAGAAGCA	G	1.061	0.75	TP
0.7_0.75  	8.0_64.0	0.9	0.5	DNA-26669-CG001Qv51Next024-19	chr7	55249012	C	CGGT	0.806	0.75	TP
0.7_0.75  	8.0_64.0	0.9	0.5	DNA-26769-CG001Qv51Next025-12	chr17	7577557	AG	A	0.733	0.75	TP
0.7_0.75  	8.0_64.0	0.9	0.5	DNA-26769-CG001Qv51Next025-12	chr4	55141048	T	TA	1.255	0.75	TP
0.7_0.75  	8.0_64.0	0.9	0.5	DNA-26769-CG001Qv51Next025-12	chr17	37880981	A	AGCATACGTGATG	0.445	0.75	TP
0.7_0.75  	8.0_64.0	0.9	0.5	DNA-26769-CG001Qv51Next025-12	chr7	55242465	GGAATTAAGAGAAGCA	G	0.562	0.75	TP
0.7_0.75  	8.0_64.0	0.9	0.5	DNA-26769-CG001Qv51Next025-19	chr17	7577557	AG	A	0.517	0.75	TP
0.7_0.75  	8.0_64.0	0.9	0.5	DNA-26769-CG001Qv51Next025-19	chr4	55141048	T	TA	1.085	0.75	TP
0.7_0.75  	8.0_64.0	0.9	0.5	DNA-26769-CG001Qv51Next025-19	chr17	37880981	A	AGCATACGTGATG	0.357	0.75	TP
0.7_0.75  	8.0_64.0	0.9	0.5	DNA-26769-CG001Qv51Next025-19	chr7	55242465	GGAATTAAGAGAAGCA	G	0.899	0.75	TP
0.7_0.75  	8.0_64.0	0.9	0.5	DNA-26769-CG001Qv51Next025-19	chr7	55249012	C	CGGT	0.315	0.75	TP
0.7_0.75  	8.0_64.0	0.9	0.5	DNA-27058-CG001Qv51Next026-12	chr17	7577557	AG	A	0.682	0.75	TP
0.7_0.75  	8.0_64.0	0.9	0.5	DNA-27058-CG001Qv51Next026-12	chr4	55141048	T	TA	0.772	0.75	TP
0.7_0.75  	8.0_64.0	0.9	0.5	DNA-27058-CG001Qv51Next026-12	chr17	37880981	A	AGCATACGTGATG	0.509	0.75	TP
0.7_0.75  	8.0_64.0	0.9	0.5	DNA-27058-CG001Qv51Next026-12	chr7	55242465	GGAATTAAGAGAAGCA	G	0.731	0.75	TP
0.7_0.75  	8.0_64.0	0.9	0.5	DNA-27058-CG001Qv51Next026-19	chr17	7577557	AG	A	0.699	0.75	TP
0.7_0.75  	8.0_64.0	0.9	0.5	DNA-27058-CG001Qv51Next026-19	chr4	55141048	T	TA	0.792	0.75	TP
0.7_0.75  	8.0_64.0	0.9	0.5	DNA-27058-CG001Qv51Next026-19	chr17	37880981	A	AGCATACGTGATG	0.488	0.75	TP
0.7_0.75  	8.0_64.0	0.9	0.5	DNA-27058-CG001Qv51Next026-19	chr7	55242465	GGAATTAAGAGAAGCA	G	2.495	0.75	TP
0.7_0.75  	8.0_64.0	0.9	0.5	DNA-27058-CG001Qv51Next026-19	chr7	55249012	C	CGGT	0.96	0.75	TP
0.7_0.75  	8.0_64.0	0.9	0.5	DNA-26769-CG001Qv51Next025-12	chr7	55249012	C	CGGT	0.79	0.75	FN
0.7_0.75  	8.0_64.0	0.9	0.5	DNA-27058-CG001Qv51Next026-12	chr7	55249012	C	CGGT	0.706	0.75	FN
1.0       	4.0_64.0	0.9	0.5	DNA-26010-CG001Qv51Next024-4	chr17	7577557	AG	A	1.097	1.0	TP
1.0       	4.0_64.0	0.9	0.5	DNA-26010-CG001Qv51Next024-4	chr4	55141048	T	TA	1.13	1.0	TP
1.0       	4.0_64.0	0.9	0.5	DNA-26010-CG001Qv51Next024-4	chr17	37880981	A	AGCATACGTGATG	0.681	1.0	TP
1.0       	4.0_64.0	0.9	0.5	DNA-26010-CG001Qv51Next024-4	chr7	55242465	GGAATTAAGAGAAGCA	G	1.974	1.0	TP
1.0       	4.0_64.0	0.9	0.5	DNA-26010-CG001Qv51Next024-4	chr7	55249012	C	CGGT	1.043	1.0	TP
1.0       	4.0_64.0	0.9	0.5	DNA-26010-CG001Qv51Next024-11	chr17	7577557	AG	A	1.193	1.0	TP
1.0       	4.0_64.0	0.9	0.5	DNA-26010-CG001Qv51Next024-11	chr4	55141048	T	TA	1.434	1.0	TP
1.0       	4.0_64.0	0.9	0.5	DNA-26010-CG001Qv51Next024-11	chr17	37880981	A	AGCATACGTGATG	0.787	1.0	TP
1.0       	4.0_64.0	0.9	0.5	DNA-26010-CG001Qv51Next024-11	chr7	55242465	GGAATTAAGAGAAGCA	G	2.208	1.0	TP
1.0       	4.0_64.0	0.9	0.5	DNA-26010-CG001Qv51Next024-11	chr7	55249012	C	CGGT	0.793	1.0	TP
1.0       	4.0_64.0	0.9	0.5	DNA-26010-CG001Qv51Next024-18	chr17	7577557	AG	A	0.788	1.0	TP
1.0       	4.0_64.0	0.9	0.5	DNA-26010-CG001Qv51Next024-18	chr4	55141048	T	TA	1.314	1.0	TP
1.0       	4.0_64.0	0.9	0.5	DNA-26010-CG001Qv51Next024-18	chr17	37880981	A	AGCATACGTGATG	0.585	1.0	TP
1.0       	4.0_64.0	0.9	0.5	DNA-26010-CG001Qv51Next024-18	chr7	55242465	GGAATTAAGAGAAGCA	G	1.681	1.0	TP
1.0       	4.0_64.0	0.9	0.5	DNA-26010-CG001Qv51Next025-4	chr17	7577557	AG	A	0.601	1.0	TP
1.0       	4.0_64.0	0.9	0.5	DNA-26010-CG001Qv51Next025-4	chr4	55141048	T	TA	1.729	1.0	TP
1.0       	4.0_64.0	0.9	0.5	DNA-26010-CG001Qv51Next025-4	chr17	37880981	A	AGCATACGTGATG	1.168	1.0	TP
1.0       	4.0_64.0	0.9	0.5	DNA-26010-CG001Qv51Next025-4	chr7	55242465	GGAATTAAGAGAAGCA	G	1.124	1.0	TP
1.0       	4.0_64.0	0.9	0.5	DNA-26010-CG001Qv51Next025-4	chr7	55249012	C	CGGT	0.859	1.0	TP
1.0       	4.0_64.0	0.9	0.5	DNA-26010-CG001Qv51Next025-11	chr17	7577557	AG	A	1.367	1.0	TP
1.0       	4.0_64.0	0.9	0.5	DNA-26010-CG001Qv51Next025-11	chr4	55141048	T	TA	1.532	1.0	TP
1.0       	4.0_64.0	0.9	0.5	DNA-26010-CG001Qv51Next025-11	chr17	37880981	A	AGCATACGTGATG	0.617	1.0	TP
1.0       	4.0_64.0	0.9	0.5	DNA-26010-CG001Qv51Next025-11	chr7	55242465	GGAATTAAGAGAAGCA	G	1.479	1.0	TP
1.0       	4.0_64.0	0.9	0.5	DNA-26010-CG001Qv51Next025-11	chr7	55249012	C	CGGT	0.939	1.0	TP
1.0       	4.0_64.0	0.9	0.5	DNA-26010-CG001Qv51Next025-18	chr17	7577557	AG	A	1.145	1.0	TP
1.0       	4.0_64.0	0.9	0.5	DNA-26010-CG001Qv51Next025-18	chr4	55141048	T	TA	0.992	1.0	TP
1.0       	4.0_64.0	0.9	0.5	DNA-26010-CG001Qv51Next025-18	chr17	37880981	A	AGCATACGTGATG	0.582	1.0	TP
1.0       	4.0_64.0	0.9	0.5	DNA-26010-CG001Qv51Next025-18	chr7	55242465	GGAATTAAGAGAAGCA	G	1.598	1.0	TP
1.0       	4.0_64.0	0.9	0.5	DNA-26010-CG001Qv51Next025-18	chr7	55249012	C	CGGT	0.708	1.0	TP
1.0       	4.0_64.0	0.9	0.5	DNA-26011-CG001Qv51Next026-4	chr17	7577557	AG	A	1.168	1.0	TP
1.0       	4.0_64.0	0.9	0.5	DNA-26011-CG001Qv51Next026-4	chr4	55141048	T	TA	0.959	1.0	TP
1.0       	4.0_64.0	0.9	0.5	DNA-26011-CG001Qv51Next026-4	chr17	37880981	A	AGCATACGTGATG	0.37	1.0	TP
1.0       	4.0_64.0	0.9	0.5	DNA-26011-CG001Qv51Next026-4	chr7	55242465	GGAATTAAGAGAAGCA	G	0.841	1.0	TP
1.0       	4.0_64.0	0.9	0.5	DNA-26011-CG001Qv51Next026-11	chr17	7577557	AG	A	1.31	1.0	TP
1.0       	4.0_64.0	0.9	0.5	DNA-26011-CG001Qv51Next026-11	chr4	55141048	T	TA	1.78	1.0	TP
1.0       	4.0_64.0	0.9	0.5	DNA-26011-CG001Qv51Next026-11	chr17	37880981	A	AGCATACGTGATG	0.453	1.0	TP
1.0       	4.0_64.0	0.9	0.5	DNA-26011-CG001Qv51Next026-11	chr7	55242465	GGAATTAAGAGAAGCA	G	1.91	1.0	TP
1.0       	4.0_64.0	0.9	0.5	DNA-26011-CG001Qv51Next026-11	chr7	55249012	C	CGGT	1.0	1.0	TP
1.0       	4.0_64.0	0.9	0.5	DNA-26011-CG001Qv51Next026-18	chr17	7577557	AG	A	1.003	1.0	TP
1.0       	4.0_64.0	0.9	0.5	DNA-26011-CG001Qv51Next026-18	chr4	55141048	T	TA	1.469	1.0	TP
1.0       	4.0_64.0	0.9	0.5	DNA-26011-CG001Qv51Next026-18	chr17	37880981	A	AGCATACGTGATG	0.479	1.0	TP
1.0       	4.0_64.0	0.9	0.5	DNA-26011-CG001Qv51Next026-18	chr7	55242465	GGAATTAAGAGAAGCA	G	1.541	1.0	TP
1.0       	4.0_64.0	0.9	0.5	DNA-26011-CG001Qv51Next026-18	chr7	55249012	C	CGGT	1.053	1.0	TP
1.0       	4.0_64.0	0.9	0.5	DNA-26010-CG001Qv51Next024-18	chr7	55249012	C	CGGT	1.415	1.0	FN
1.0       	4.0_64.0	0.9	0.5	DNA-26011-CG001Qv51Next026-4	chr7	55249012	C	CGGT	0.792	1.0	FN
1.0       	8.0_64.0	0.9	0.5	DNA-26010-CG001Qv51Next024-11	chr17	7577557	AG	A	1.193	1.0	TP
1.0       	8.0_64.0	0.9	0.5	DNA-26010-CG001Qv51Next024-11	chr4	55141048	T	TA	1.434	1.0	TP
1.0       	8.0_64.0	0.9	0.5	DNA-26010-CG001Qv51Next024-11	chr17	37880981	A	AGCATACGTGATG	0.787	1.0	TP
1.0       	8.0_64.0	0.9	0.5	DNA-26010-CG001Qv51Next024-11	chr7	55242465	GGAATTAAGAGAAGCA	G	2.208	1.0	TP
1.0       	8.0_64.0	0.9	0.5	DNA-26010-CG001Qv51Next024-11	chr7	55249012	C	CGGT	0.793	1.0	TP
1.0       	8.0_64.0	0.9	0.5	DNA-26010-CG001Qv51Next024-18	chr17	7577557	AG	A	0.788	1.0	TP
1.0       	8.0_64.0	0.9	0.5	DNA-26010-CG001Qv51Next024-18	chr4	55141048	T	TA	1.314	1.0	TP
1.0       	8.0_64.0	0.9	0.5	DNA-26010-CG001Qv51Next024-18	chr17	37880981	A	AGCATACGTGATG	0.585	1.0	TP
1.0       	8.0_64.0	0.9	0.5	DNA-26010-CG001Qv51Next024-18	chr7	55242465	GGAATTAAGAGAAGCA	G	1.681	1.0	TP
1.0       	8.0_64.0	0.9	0.5	DNA-26010-CG001Qv51Next025-11	chr17	7577557	AG	A	1.367	1.0	TP
1.0       	8.0_64.0	0.9	0.5	DNA-26010-CG001Qv51Next025-11	chr4	55141048	T	TA	1.532	1.0	TP
1.0       	8.0_64.0	0.9	0.5	DNA-26010-CG001Qv51Next025-11	chr17	37880981	A	AGCATACGTGATG	0.617	1.0	TP
1.0       	8.0_64.0	0.9	0.5	DNA-26010-CG001Qv51Next025-11	chr7	55242465	GGAATTAAGAGAAGCA	G	1.479	1.0	TP
1.0       	8.0_64.0	0.9	0.5	DNA-26010-CG001Qv51Next025-11	chr7	55249012	C	CGGT	0.939	1.0	TP
1.0       	8.0_64.0	0.9	0.5	DNA-26010-CG001Qv51Next025-18	chr17	7577557	AG	A	1.145	1.0	TP
1.0       	8.0_64.0	0.9	0.5	DNA-26010-CG001Qv51Next025-18	chr4	55141048	T	TA	0.992	1.0	TP
1.0       	8.0_64.0	0.9	0.5	DNA-26010-CG001Qv51Next025-18	chr17	37880981	A	AGCATACGTGATG	0.582	1.0	TP
1.0       	8.0_64.0	0.9	0.5	DNA-26010-CG001Qv51Next025-18	chr7	55242465	GGAATTAAGAGAAGCA	G	1.598	1.0	TP
1.0       	8.0_64.0	0.9	0.5	DNA-26010-CG001Qv51Next025-18	chr7	55249012	C	CGGT	0.708	1.0	TP
1.0       	8.0_64.0	0.9	0.5	DNA-26011-CG001Qv51Next026-11	chr17	7577557	AG	A	1.31	1.0	TP
1.0       	8.0_64.0	0.9	0.5	DNA-26011-CG001Qv51Next026-11	chr4	55141048	T	TA	1.78	1.0	TP
1.0       	8.0_64.0	0.9	0.5	DNA-26011-CG001Qv51Next026-11	chr17	37880981	A	AGCATACGTGATG	0.453	1.0	TP
1.0       	8.0_64.0	0.9	0.5	DNA-26011-CG001Qv51Next026-11	chr7	55242465	GGAATTAAGAGAAGCA	G	1.91	1.0	TP
1.0       	8.0_64.0	0.9	0.5	DNA-26011-CG001Qv51Next026-11	chr7	55249012	C	CGGT	1.0	1.0	TP
1.0       	8.0_64.0	0.9	0.5	DNA-26011-CG001Qv51Next026-18	chr17	7577557	AG	A	1.003	1.0	TP
1.0       	8.0_64.0	0.9	0.5	DNA-26011-CG001Qv51Next026-18	chr4	55141048	T	TA	1.469	1.0	TP
1.0       	8.0_64.0	0.9	0.5	DNA-26011-CG001Qv51Next026-18	chr17	37880981	A	AGCATACGTGATG	0.479	1.0	TP
1.0       	8.0_64.0	0.9	0.5	DNA-26011-CG001Qv51Next026-18	chr7	55242465	GGAATTAAGAGAAGCA	G	1.541	1.0	TP
1.0       	8.0_64.0	0.9	0.5	DNA-26011-CG001Qv51Next026-18	chr7	55249012	C	CGGT	1.053	1.0	TP
1.0       	8.0_64.0	0.9	0.5	DNA-26010-CG001Qv51Next024-18	chr7	55249012	C	CGGT	1.415	1.0	FN